Year,Region,State,Annual_Rainfall,Jan,Feb,Mar,Apr,May,Jun,Jul,Aug,Sep,Oct,Nov,Dec,Crop_Yield_Index,Drought_Year,Flood_Year
1990,North India,Punjab,899.34,43.4,0.02,0.02,57.86,0.09,153.69,211.39,255.49,1.75,151.04,9.53,15.08,0.996,0,0
1991,North India,Punjab,815.11,5.44,0.0,178.73,3.37,35.01,6.7,70.22,122.2,17.37,38.69,223.16,114.23,1.094,0,0
1992,North India,Punjab,950.89,0.0,0.0,3.78,75.51,6.97,91.5,224.01,296.82,84.5,160.44,5.56,1.8,0.787,0,0
1993,North India,Punjab,967.31,51.93,0.0,33.66,49.88,22.22,230.64,34.42,299.0,55.14,17.66,155.03,17.71,0.683,0,0
1994,North India,Punjab,700.45,56.35,28.7,1.83,2.07,84.43,120.1,4.33,198.79,144.31,44.73,6.66,8.14,0.884,0,0
1995,North India,Punjab,820.05,0.0,38.66,0.08,18.44,2.74,279.84,204.35,217.42,34.43,0.89,9.09,14.13,1.072,0,0
1996,North India,Punjab,652.95,71.92,0.08,42.6,15.03,0.64,44.18,30.41,295.34,144.95,7.54,0.24,0.0,0.975,0,0
1997,North India,Punjab,1184.35,17.43,27.1,3.51,50.97,70.3,205.17,66.56,147.68,354.51,203.09,37.4,0.64,0.592,0,1
1998,North India,Punjab,598.62,49.81,34.91,0.0,4.86,132.66,56.59,138.19,58.18,85.58,25.77,12.02,0.06,0.808,1,0
1999,North India,Punjab,885.96,11.82,0.43,39.56,79.39,18.8,107.83,290.52,256.43,22.42,47.02,10.63,1.11,0.764,0,0
2000,North India,Punjab,721.61,0.0,0.0,15.89,60.43,32.94,287.27,142.73,48.0,63.68,12.15,27.6,30.93,1.088,0,0
2001,North India,Punjab,1242.03,2.29,1.01,0.0,0.08,221.29,392.5,289.34,151.65,11.67,139.2,15.14,17.85,0.428,0,1
2002,North India,Punjab,622.9,0.0,0.0,110.82,5.92,13.25,86.59,145.2,108.7,45.2,93.47,0.3,13.45,0.844,0,0
2003,North India,Punjab,983.37,0.17,22.78,3.54,6.48,122.24,152.46,114.1,214.83,65.76,23.84,236.49,20.69,0.912,0,0
2004,North India,Punjab,621.2,8.9,20.12,0.02,0.05,12.62,10.13,167.74,285.09,49.09,64.85,0.14,2.45,0.842,0,0
2005,North India,Punjab,680.31,23.04,1.12,0.05,0.0,0.26,55.48,317.35,254.38,16.11,12.52,0.0,0.0,0.796,0,0
2006,North India,Punjab,870.42,0.0,133.16,12.71,8.29,20.88,52.27,90.89,210.84,59.77,39.63,224.03,17.96,0.794,0,0
2007,North India,Punjab,1017.28,10.07,55.05,135.67,19.73,151.1,28.96,105.25,100.81,101.39,244.93,60.77,3.56,0.673,0,0
2008,North India,Punjab,829.85,22.92,39.41,5.97,221.59,4.45,77.64,69.03,126.25,110.37,51.05,101.06,0.1,1.125,0,0
2009,North India,Punjab,959.48,13.43,0.0,2.36,7.48,136.47,222.56,86.47,337.49,89.33,33.71,13.22,16.94,0.92,0,0
2010,North India,Punjab,905.32,0.03,105.78,0.62,1.76,4.71,38.01,62.5,242.85,159.19,115.82,174.03,0.01,0.899,0,0
2011,North India,Punjab,956.43,0.02,0.59,17.07,12.34,0.11,151.0,144.51,299.16,314.46,16.69,0.0,0.48,0.598,0,0
2012,North India,Punjab,1172.63,38.15,0.0,21.09,15.26,10.04,245.98,398.94,176.36,115.6,12.68,5.41,133.14,0.377,0,1
2013,North India,Punjab,973.73,1.32,69.89,1.45,49.81,41.72,273.5,114.84,302.46,0.57,96.81,21.34,0.01,0.766,0,0
2014,North India,Punjab,990.45,10.0,5.1,3.54,129.69,44.6,95.57,316.44,79.35,130.91,100.78,13.46,61.03,0.785,0,0
2015,North India,Punjab,1100.21,1.17,0.38,15.59,220.17,45.92,42.64,318.65,140.16,121.19,86.84,104.32,3.17,0.851,0,1
2016,North India,Punjab,922.01,53.32,0.91,0.16,44.16,40.74,5.72,188.97,193.86,213.37,61.74,105.35,13.71,0.9,0,0
2017,North India,Punjab,931.62,0.0,4.44,19.7,98.72,0.69,325.78,131.77,202.38,34.78,18.69,93.08,1.59,0.718,0,0
2018,North India,Punjab,792.65,2.43,0.02,7.05,10.13,62.44,92.56,119.94,266.29,134.16,2.05,80.68,14.9,1.008,0,0
2019,North India,Punjab,1095.62,0.01,73.0,5.36,48.15,0.09,112.6,244.29,287.14,147.73,24.61,146.04,6.6,0.639,0,1
2020,North India,Punjab,660.53,0.0,0.0,9.18,74.59,6.47,152.91,15.15,229.45,2.33,164.99,0.41,5.05,0.827,0,0
2021,North India,Punjab,1118.81,0.0,2.63,0.62,50.24,19.21,248.39,156.83,286.59,215.75,133.4,5.13,0.0,0.646,0,1
2022,North India,Punjab,890.91,9.39,1.05,3.75,5.66,26.66,112.75,224.52,332.42,20.57,81.86,72.27,0.02,1.107,0,0
2023,North India,Punjab,843.35,0.88,20.95,16.77,15.12,0.47,7.19,78.58,181.83,111.29,96.49,9.46,304.33,1.039,0,0
1990,North India,Haryana,826.77,0.0,0.16,212.34,10.67,81.0,7.33,165.46,53.34,217.98,16.88,47.15,14.45,0.838,0,0
1991,North India,Haryana,918.7,0.0,0.0,34.16,204.32,35.11,135.12,86.15,99.16,248.72,64.07,0.1,11.78,0.801,0,0
1992,North India,Haryana,1000.06,126.35,8.31,174.11,27.55,5.09,65.27,238.33,108.9,77.3,92.58,75.62,0.65,0.683,0,0
1993,North India,Haryana,1114.3,0.0,0.15,113.4,121.9,53.78,439.42,31.44,71.09,54.15,105.98,113.05,9.94,0.685,0,1
1994,North India,Haryana,708.51,7.03,0.07,25.09,48.31,29.05,110.25,163.71,237.38,39.77,4.99,42.85,0.0,0.825,0,0
1995,North India,Haryana,846.22,10.05,10.23,41.47,31.97,1.05,90.94,143.55,136.47,10.02,2.11,368.36,0.0,1.05,0,0
1996,North India,Haryana,1122.7,14.04,0.14,5.49,1.02,52.33,76.08,337.09,404.57,88.87,35.42,9.4,98.24,0.563,0,1
1997,North India,Haryana,560.89,21.85,22.65,18.4,24.47,0.72,126.91,161.74,109.98,67.97,5.63,0.04,0.53,0.685,1,0
1998,North India,Haryana,723.56,0.0,0.64,12.43,28.81,56.5,2.0,92.03,93.31,420.13,17.56,0.16,0.0,0.921,0,0
1999,North India,Haryana,614.08,4.51,0.01,16.97,0.01,0.21,48.26,170.51,226.65,99.11,32.43,15.39,0.02,0.909,0,0
2000,North India,Haryana,685.72,39.09,0.01,17.51,16.19,3.68,34.49,41.8,193.58,196.25,80.02,4.96,58.14,0.875,0,0
2001,North India,Haryana,1154.39,3.71,99.62,1.88,217.36,55.79,68.65,304.12,146.29,210.71,23.83,17.96,4.47,0.616,0,1
2002,North India,Haryana,746.71,8.96,166.49,0.6,0.87,8.33,13.66,194.5,39.42,171.69,122.6,19.22,0.38,1.069,0,0
2003,North India,Haryana,806.48,5.7,0.0,9.56,7.57,0.23,112.18,249.71,344.38,6.84,31.92,2.47,35.92,1.287,0,0
2004,North India,Haryana,784.26,9.49,78.5,5.8,66.67,0.05,64.63,37.36,174.9,30.72,239.58,67.58,8.99,1.014,0,0
2005,North India,Haryana,775.17,0.27,24.63,36.66,57.21,7.53,150.85,54.72,349.86,18.1,50.86,21.64,2.84,0.915,0,0
2006,North India,Haryana,325.72,0.0,0.32,6.49,11.48,39.18,25.97,88.66,64.54,74.56,7.36,2.09,5.08,0.677,1,0
2007,North India,Haryana,981.82,0.14,0.0,10.74,0.34,6.05,269.13,144.49,238.0,121.7,184.57,1.9,4.75,0.791,0,0
2008,North India,Haryana,979.08,0.07,0.14,5.02,0.25,17.92,127.5,77.84,359.05,346.39,29.52,15.27,0.11,0.677,0,0
2009,North India,Haryana,447.78,13.65,0.0,11.57,0.13,116.92,13.83,65.06,72.46,86.33,41.29,24.86,1.68,0.717,1,0
2010,North India,Haryana,1221.31,32.3,0.0,10.86,11.05,139.07,71.13,273.4,488.29,82.22,11.84,101.15,0.0,0.601,0,1
2011,North India,Haryana,676.4,0.0,3.18,2.81,17.09,121.97,33.96,143.07,81.27,179.38,87.57,3.13,2.96,0.773,0,0
2012,North India,Haryana,1097.81,303.5,57.15,10.17,66.58,28.27,63.19,76.75,296.56,137.2,57.37,0.41,0.68,0.606,0,1
2013,North India,Haryana,920.24,0.0,2.66,38.53,3.62,1.91,152.83,126.99,59.22,318.11,49.83,165.97,0.55,1.001,0,0
2014,North India,Haryana,775.07,33.13,0.0,1.75,1.09,9.07,36.1,253.7,103.7,175.25,71.93,15.24,74.1,1.089,0,0
2015,North India,Haryana,615.84,0.9,41.74,12.52,77.24,37.99,37.7,100.39,54.59,180.3,71.61,0.83,0.02,0.738,0,0
2016,North India,Haryana,1017.52,0.0,121.25,24.48,5.08,0.83,90.82,214.12,261.74,247.29,47.77,3.75,0.39,0.609,0,0
2017,North India,Haryana,453.62,3.7,0.03,0.19,14.48,42.71,81.36,35.11,143.73,92.03,25.02,0.47,14.78,0.657,1,0
2018,North India,Haryana,546.41,25.13,2.73,6.1,13.95,81.86,23.66,137.42,188.57,24.7,20.37,1.09,20.84,0.695,1,0
2019,North India,Haryana,624.36,42.97,0.0,0.0,2.68,19.67,73.92,118.55,139.16,18.25,140.39,43.98,24.77,0.97,0,0
2020,North India,Haryana,735.15,5.38,4.54,22.26,3.1,0.28,86.02,263.3,242.66,62.23,3.96,22.67,18.75,0.847,0,0
2021,North India,Haryana,1093.81,0.0,46.16,16.7,1.57,0.06,164.48,203.94,394.0,104.16,152.12,0.2,10.42,0.796,0,1
2022,North India,Haryana,1006.82,0.01,0.01,29.72,0.15,9.6,149.64,168.48,178.65,459.69,3.78,0.87,6.23,0.818,0,0
2023,North India,Haryana,870.27,7.06,0.0,1.44,45.0,41.59,120.75,276.17,171.82,86.26,79.12,0.57,40.48,0.921,0,0
1990,North India,Uttar Pradesh,634.2,2.04,102.32,19.95,8.29,20.02,29.94,121.28,80.45,53.15,40.87,91.17,64.72,0.866,0,0
1991,North India,Uttar Pradesh,795.22,0.0,55.39,6.71,24.41,9.94,73.26,255.33,185.37,19.44,93.7,70.72,0.95,1.007,0,0
1992,North India,Uttar Pradesh,736.24,0.02,12.82,6.94,0.22,99.99,57.99,217.25,192.99,31.63,65.73,50.64,0.02,0.911,0,0
1993,North India,Uttar Pradesh,872.5,49.71,24.23,10.91,19.16,32.74,83.08,331.84,125.78,88.0,56.4,46.5,4.14,0.886,0,0
1994,North India,Uttar Pradesh,887.15,10.47,14.44,0.31,2.51,7.97,86.23,21.29,208.74,272.46,192.59,68.99,1.15,0.781,0,0
1995,North India,Uttar Pradesh,942.51,0.0,1.4,9.06,35.56,5.32,279.01,131.16,158.4,163.81,128.91,29.85,0.03,0.805,0,0
1996,North India,Uttar Pradesh,805.72,0.22,0.2,99.76,32.85,141.39,54.02,246.88,97.9,47.52,61.67,0.24,23.06,0.998,0,0
1997,North India,Uttar Pradesh,849.12,2.48,0.21,29.82,89.92,25.75,145.31,44.82,210.92,60.92,202.57,35.69,0.7,0.711,0,0
1998,North India,Uttar Pradesh,690.45,0.0,2.39,17.73,1.79,0.0,76.35,320.5,108.53,148.87,4.34,0.4,9.55,0.872,0,0
1999,North India,Uttar Pradesh,1194.64,0.21,1.83,163.28,39.58,143.27,111.42,255.51,157.42,65.75,9.8,0.25,246.3,0.384,0,1
2000,North India,Uttar Pradesh,597.92,5.99,4.96,64.97,0.0,5.01,170.1,11.57,175.96,100.89,51.55,2.99,3.91,0.882,1,0
2001,North India,Uttar Pradesh,875.34,135.87,0.51,5.67,68.44,21.63,174.59,108.85,206.39,32.28,55.74,60.03,5.34,1.046,0,0
2002,North India,Uttar Pradesh,813.92,3.09,3.78,0.0,1.17,84.6,132.32,177.53,251.84,19.33,66.27,26.15,47.82,0.837,0,0
2003,North India,Uttar Pradesh,460.59,0.06,0.0,0.67,12.16,10.32,23.73,108.5,177.2,39.09,24.11,1.3,63.45,0.533,1,0
2004,North India,Uttar Pradesh,1039.56,0.01,0.01,2.45,26.09,41.86,172.19,73.29,167.65,259.08,116.83,152.04,28.08,0.518,0,0
2005,North India,Uttar Pradesh,784.53,32.13,30.43,0.01,9.04,28.03,49.26,381.86,104.51,52.23,95.67,1.37,0.0,0.91,0,0
2006,North India,Uttar Pradesh,1016.23,0.26,25.3,46.11,41.45,137.09,166.29,94.42,212.17,112.47,167.2,0.16,13.3,0.729,0,0
2007,North India,Uttar Pradesh,827.44,34.96,0.0,5.33,2.87,103.25,33.89,147.15,317.24,138.48,32.49,0.59,11.18,0.975,0,0
2008,North India,Uttar Pradesh,1188.9,0.0,0.12,88.28,33.44,3.01,384.25,35.87,269.48,90.28,148.01,134.77,1.39,0.613,0,1
2009,North India,Uttar Pradesh,698.78,0.24,17.7,19.62,5.0,5.74,24.76,63.89,245.9,73.7,141.45,100.06,0.71,0.817,0,0
2010,North India,Uttar Pradesh,955.15,0.0,145.82,5.39,1.75,68.55,223.3,105.96,229.16,78.77,63.43,0.61,32.42,0.881,0,0
2011,North India,Uttar Pradesh,595.72,11.44,40.85,2.21,0.26,4.44,215.23,23.01,43.81,58.69,34.6,0.0,161.18,0.532,1,0
2012,North India,Uttar Pradesh,599.04,12.73,1.76,0.05,28.05,0.66,108.77,150.37,46.99,118.87,99.03,29.63,2.13,0.664,1,0
2013,North India,Uttar Pradesh,816.15,17.0,0.0,132.59,5.89,2.79,4.4,162.3,330.71,18.3,13.67,122.59,5.88,1.142,0,0
2014,North India,Uttar Pradesh,774.43,0.0,7.08,0.09,14.47,17.76,71.98,213.04,81.04,46.6,29.3,0.04,293.02,0.966,0,0
2015,North India,Uttar Pradesh,754.15,113.68,93.99,20.32,15.44,12.04,97.01,118.94,121.34,75.42,75.46,9.91,0.6,1.011,0,0
2016,North India,Uttar Pradesh,650.31,5.21,0.0,132.24,29.17,9.36,125.27,133.48,82.3,45.29,31.24,52.75,4.0,0.884,0,0
2017,North India,Uttar Pradesh,469.89,2.03,4.33,0.14,0.12,0.05,77.45,12.92,216.33,17.56,74.86,47.7,16.41,0.766,1,0
2018,North India,Uttar Pradesh,554.56,5.88,0.33,0.43,0.1,20.92,69.64,91.34,285.31,33.44,46.7,0.48,0.0,0.797,1,0
2019,North India,Uttar Pradesh,711.26,0.3,0.07,40.5,2.74,79.46,103.52,73.37,76.18,84.86,165.47,64.87,19.91,0.798,0,0
2020,North India,Uttar Pradesh,865.06,12.52,20.21,0.84,3.34,52.14,21.68,130.89,262.74,181.66,67.13,74.1,37.82,0.805,0,0
2021,North India,Uttar Pradesh,605.16,128.27,7.23,6.25,7.4,1.13,15.28,184.01,76.17,73.81,63.85,7.72,34.02,0.83,0,0
2022,North India,Uttar Pradesh,1128.55,0.82,43.7,1.67,94.95,75.13,197.17,467.93,163.5,50.22,24.01,5.37,4.08,0.601,0,1
2023,North India,Uttar Pradesh,1039.2,2.12,0.57,5.25,46.41,59.56,445.02,154.18,175.1,18.57,74.61,14.43,43.39,0.65,0,0
1990,North India,Himachal Pradesh,467.75,0.04,0.81,0.48,102.69,0.18,24.44,59.23,146.81,95.73,27.95,8.98,0.4,0.646,1,0
1991,North India,Himachal Pradesh,856.96,12.91,26.83,0.0,5.94,210.74,52.61,274.96,77.47,138.99,0.51,54.36,1.63,0.979,0,0
1992,North India,Himachal Pradesh,916.79,0.0,0.05,1.02,15.23,41.03,139.22,247.78,56.84,149.89,119.23,0.13,146.37,0.711,0,0
1993,North India,Himachal Pradesh,861.77,1.0,19.27,10.57,4.51,26.8,215.52,280.79,188.41,15.86,74.21,24.77,0.08,1.113,0,0
1994,North India,Himachal Pradesh,602.75,0.09,0.01,0.29,97.31,42.21,17.86,47.4,15.96,145.41,106.15,128.15,1.9,0.874,0,0
1995,North India,Himachal Pradesh,809.81,41.86,0.68,7.34,75.47,81.88,40.01,338.97,59.12,133.63,4.99,0.0,25.87,0.962,0,0
1996,North India,Himachal Pradesh,894.59,0.45,0.04,15.38,0.06,4.44,78.92,186.83,353.1,94.41,152.06,5.34,3.56,0.776,0,0
1997,North India,Himachal Pradesh,818.85,1.52,2.82,25.01,56.85,131.61,11.37,19.26,190.9,184.16,52.42,11.02,131.91,0.951,0,0
1998,North India,Himachal Pradesh,982.49,0.5,1.03,9.71,1.53,9.21,182.54,219.51,107.61,354.23,85.33,0.08,11.21,0.893,0,0
1999,North India,Himachal Pradesh,939.21,4.58,16.73,0.53,67.7,91.76,223.64,258.02,214.12,34.88,16.66,3.52,7.08,0.724,0,0
2000,North India,Himachal Pradesh,822.21,0.0,0.8,24.41,3.77,6.82,10.02,346.03,77.86,205.3,84.42,62.4,0.37,0.883,0,0
2001,North India,Himachal Pradesh,1104.55,1.68,0.13,101.71,41.45,186.79,184.28,146.83,144.51,224.15,5.87,6.8,60.34,0.686,0,1
2002,North India,Himachal Pradesh,718.44,0.0,0.28,6.96,16.29,0.01,129.61,121.32,173.54,231.21,31.19,6.03,1.99,0.989,0,0
2003,North India,Himachal Pradesh,852.63,79.58,3.14,18.19,35.59,0.22,192.6,282.22,143.23,19.9,63.32,0.74,13.91,0.908,0,0
2004,North India,Himachal Pradesh,1186.39,10.68,0.01,36.94,34.72,74.93,19.05,769.53,31.83,148.85,55.23,0.05,4.58,0.707,0,1
2005,North India,Himachal Pradesh,876.25,54.34,0.04,85.72,45.79,82.36,103.0,156.18,144.08,63.49,132.34,1.81,7.1,0.754,0,0
2006,North India,Himachal Pradesh,733.04,48.91,0.36,0.17,11.35,0.59,84.37,321.8,42.41,152.65,12.59,46.54,11.3,0.814,0,0
2007,North India,Himachal Pradesh,362.81,6.93,4.58,27.51,7.35,204.29,5.73,38.13,17.07,31.01,14.76,0.2,5.25,0.668,1,0
2008,North India,Himachal Pradesh,1272.56,0.13,1.4,0.29,2.89,9.37,142.39,432.43,316.92,162.19,59.95,45.31,99.29,0.428,0,1
2009,North India,Himachal Pradesh,609.94,0.04,0.08,0.0,58.34,60.56,140.8,76.29,129.25,49.94,37.85,49.11,7.68,0.737,0,0
2010,North India,Himachal Pradesh,726.75,0.0,0.33,14.17,13.29,0.18,208.22,268.12,113.38,11.79,76.38,20.67,0.21,0.897,0,0
2011,North India,Himachal Pradesh,743.6,7.67,55.86,0.01,45.48,43.56,142.2,129.56,115.53,16.32,158.54,28.07,0.79,1.058,0,0
2012,North India,Himachal Pradesh,1010.41,0.52,1.94,3.23,9.66,0.44,352.13,70.11,262.85,15.76,98.45,64.11,131.21,0.791,0,0
2013,North India,Himachal Pradesh,647.02,0.47,31.23,0.94,1.73,1.53,167.22,88.95,238.94,100.09,4.7,9.92,1.28,0.685,0,0
2014,North India,Himachal Pradesh,947.1,56.38,18.38,7.05,0.0,138.49,160.04,99.14,260.72,200.37,2.07,1.86,2.6,0.785,0,0
2015,North India,Himachal Pradesh,458.44,0.0,18.34,0.82,3.72,14.91,33.18,16.54,167.89,40.06,51.57,106.76,4.63,0.595,1,0
2016,North India,Himachal Pradesh,759.31,1.0,53.49,78.89,7.65,1.28,120.01,246.74,129.29,72.57,42.34,3.68,2.38,0.869,0,0
2017,North India,Himachal Pradesh,928.3,0.69,0.0,4.96,9.26,2.32,238.38,51.69,141.03,111.5,191.21,157.06,20.2,0.714,0,0
2018,North India,Himachal Pradesh,885.27,11.94,17.53,0.14,17.96,15.57,288.43,222.85,108.12,171.98,1.46,0.0,29.29,0.738,0,0
2019,North India,Himachal Pradesh,1054.74,183.86,39.63,24.97,41.24,12.68,205.8,171.79,193.7,63.7,115.94,1.44,0.0,0.723,0,0
2020,North India,Himachal Pradesh,946.24,182.46,0.0,28.65,0.03,0.02,104.72,327.31,229.68,21.38,36.3,15.68,0.01,0.888,0,0
2021,North India,Himachal Pradesh,936.05,0.07,43.65,0.05,7.88,0.83,164.62,196.85,131.59,244.81,76.32,69.17,0.21,0.627,0,0
2022,North India,Himachal Pradesh,620.33,0.0,13.34,18.44,103.36,7.16,3.64,231.29,56.54,65.31,90.51,30.72,0.02,0.939,0,0
2023,North India,Himachal Pradesh,1031.39,48.8,2.07,4.77,5.79,112.54,189.27,228.13,270.38,50.44,5.38,88.73,25.1,0.931,0,0
1990,South India,Tamil Nadu,1475.19,13.52,0.34,1.51,5.64,151.58,492.82,455.25,322.15,10.48,9.35,0.03,12.51,0.762,0,0
1991,South India,Tamil Nadu,941.32,9.72,0.0,12.06,0.18,8.77,15.41,100.42,441.81,109.51,68.34,175.09,0.0,0.893,0,0
1992,South India,Tamil Nadu,863.49,13.2,0.0,3.0,29.84,2.34,43.15,266.73,180.39,192.65,37.8,0.0,94.39,0.837,1,0
1993,South India,Tamil Nadu,2036.99,0.0,2.04,11.05,0.72,2.41,215.99,527.84,309.25,681.12,230.59,14.39,41.59,0.546,0,1
1994,South India,Tamil Nadu,1455.52,67.43,24.99,0.45,5.2,48.28,74.52,165.53,960.87,72.37,3.35,31.58,0.95,1.027,0,0
1995,South India,Tamil Nadu,1206.16,0.18,15.63,99.23,89.73,79.58,278.81,132.67,251.61,180.82,47.24,17.72,12.94,1.018,0,0
1996,South India,Tamil Nadu,920.76,170.1,0.0,7.84,27.17,15.5,19.61,104.55,377.79,24.91,2.32,164.52,6.46,0.634,0,0
1997,South India,Tamil Nadu,1663.91,0.61,1.26,0.01,37.48,46.7,144.02,573.64,219.54,310.99,12.95,293.55,23.17,0.686,0,1
1998,South India,Tamil Nadu,969.82,9.61,28.55,85.29,1.28,0.16,141.4,402.01,169.75,61.75,39.16,26.91,3.95,0.931,0,0
1999,South India,Tamil Nadu,1039.39,34.16,6.41,47.34,76.68,77.33,72.7,158.26,252.83,256.36,2.69,53.97,0.65,1.086,0,0
2000,South India,Tamil Nadu,1190.55,0.02,0.05,0.01,26.17,20.47,43.67,124.74,262.66,368.82,16.99,324.52,2.43,1.011,0,0
2001,South India,Tamil Nadu,1198.98,0.01,0.24,10.99,0.44,136.25,215.43,14.57,396.02,350.22,66.51,7.42,0.88,1.05,0,0
2002,South India,Tamil Nadu,1382.25,2.19,0.0,2.74,105.59,4.57,381.07,91.37,340.81,272.26,167.16,10.1,4.37,0.907,0,0
2003,South India,Tamil Nadu,941.5,0.0,75.36,62.24,1.04,26.29,181.12,190.59,18.91,354.12,7.49,0.01,24.34,0.692,0,0
2004,South India,Tamil Nadu,1497.43,15.45,56.36,24.07,9.17,97.98,52.77,437.28,413.07,325.08,29.61,0.66,35.93,0.766,0,0
2005,South India,Tamil Nadu,1523.52,0.05,95.23,188.78,142.97,133.95,171.25,192.96,183.66,341.71,72.06,0.36,0.53,0.601,0,0
2006,South India,Tamil Nadu,1029.69,1.41,0.0,36.0,1.28,28.92,36.06,325.46,296.03,277.65,22.11,4.57,0.19,0.85,0,0
2007,South India,Tamil Nadu,1855.74,0.13,43.09,8.75,342.8,142.22,147.39,262.83,424.2,312.59,86.6,20.3,64.85,0.725,0,1
2008,South India,Tamil Nadu,780.36,0.02,58.73,28.67,69.56,4.5,29.18,89.17,220.35,47.78,210.85,4.61,16.93,0.763,1,0
2009,South India,Tamil Nadu,1137.59,40.97,0.01,3.02,68.51,319.41,43.13,276.01,128.55,230.57,3.18,19.2,5.04,0.922,0,0
2010,South India,Tamil Nadu,1301.61,0.03,4.47,9.69,110.1,1.42,331.58,89.13,579.48,120.91,2.82,50.33,1.64,0.839,0,0
2011,South India,Tamil Nadu,1208.29,33.17,0.01,15.57,9.79,14.0,140.22,199.42,437.0,167.26,43.66,78.41,69.79,0.938,0,0
2012,South India,Tamil Nadu,892.89,0.13,4.14,20.77,14.57,4.86,0.5,275.59,344.73,155.68,45.59,21.91,4.43,0.766,1,0
2013,South India,Tamil Nadu,1079.42,0.0,0.08,0.47,11.45,13.87,144.23,430.18,226.99,113.42,56.38,67.22,15.13,1.07,0,0
2014,South India,Tamil Nadu,964.99,0.0,0.08,3.09,0.0,6.72,316.02,229.9,66.8,285.35,56.58,0.43,0.01,0.813,0,0
2015,South India,Tamil Nadu,947.23,0.01,0.0,0.07,107.11,70.72,11.64,97.49,150.14,262.34,157.46,89.21,1.04,0.838,0,0
2016,South India,Tamil Nadu,845.84,6.69,22.03,2.82,98.62,63.04,9.42,195.14,143.11,143.47,16.27,82.5,62.73,0.805,1,0
2017,South India,Tamil Nadu,911.95,0.01,118.57,27.8,0.17,13.08,186.62,276.55,98.67,118.44,30.33,37.2,4.51,0.774,0,0
2018,South India,Tamil Nadu,1222.22,0.0,0.77,0.0,9.13,63.29,16.26,173.27,248.5,57.68,412.19,85.88,155.25,0.981,0,0
2019,South India,Tamil Nadu,852.53,0.01,0.27,29.7,181.81,26.64,73.56,98.99,27.96,73.34,240.88,12.04,87.33,0.847,1,0
2020,South India,Tamil Nadu,1479.86,0.94,92.38,100.97,61.98,190.08,308.42,304.62,240.32,107.79,24.69,44.34,3.33,0.943,0,0
2021,South India,Tamil Nadu,824.7,154.0,121.42,6.08,14.52,4.62,56.98,206.4,48.62,127.72,79.35,4.96,0.01,0.678,1,0
2022,South India,Tamil Nadu,1171.97,67.51,1.76,139.55,209.55,151.88,61.07,101.06,287.35,56.85,3.49,43.64,48.25,1.033,0,0
2023,South India,Tamil Nadu,1293.99,0.16,0.34,20.11,1.53,54.32,243.29,239.3,276.29,383.75,65.54,8.75,0.61,1.088,0,0
1990,South India,Karnataka,1777.03,2.34,7.9,231.77,26.08,98.4,47.69,373.6,228.49,153.95,550.71,43.15,12.94,0.786,0,1
1991,South India,Karnataka,1055.92,0.03,7.56,0.0,104.79,0.24,189.51,127.99,51.26,485.14,29.04,9.65,50.71,1.088,0,0
1992,South India,Karnataka,1684.36,0.18,1.87,38.89,5.44,0.3,176.2,302.42,647.08,132.24,325.94,38.13,15.66,0.792,0,1
1993,South India,Karnataka,1495.8,16.09,13.2,2.82,217.07,72.12,93.05,205.18,710.16,149.76,12.85,2.8,0.69,0.778,0,0
1994,South India,Karnataka,1713.2,0.0,4.03,220.09,48.68,34.46,6.23,433.05,571.6,99.17,281.86,4.35,9.69,0.536,0,1
1995,South India,Karnataka,1617.32,52.99,87.01,313.56,9.72,24.79,316.72,127.89,494.03,41.84,106.36,1.43,40.98,0.712,0,0
1996,South India,Karnataka,993.84,14.12,0.0,8.96,41.82,80.92,312.36,96.85,89.48,100.72,173.42,75.17,0.01,0.676,0,0
1997,South India,Karnataka,1250.5,4.34,0.5,0.21,122.77,9.85,260.5,276.1,109.59,209.66,192.87,0.11,64.01,0.957,0,0
1998,South India,Karnataka,886.82,7.17,0.0,0.0,118.85,25.32,175.01,119.29,259.38,120.78,37.29,22.49,1.25,0.712,1,0
1999,South India,Karnataka,1266.41,0.01,4.25,2.65,6.21,314.32,235.26,228.47,179.31,146.37,117.44,26.06,6.06,1.207,0,0
2000,South India,Karnataka,1211.83,0.07,18.47,4.18,1.37,13.72,90.04,509.98,427.4,76.36,58.08,0.0,12.16,0.999,0,0
2001,South India,Karnataka,1367.83,118.11,13.66,37.86,19.3,47.92,127.58,565.95,232.62,62.15,93.77,45.89,3.03,0.731,0,0
2002,South India,Karnataka,862.48,0.32,0.34,2.03,10.98,34.46,183.74,61.3,227.86,63.25,113.89,94.06,70.23,0.731,1,0
2003,South India,Karnataka,1128.85,0.08,24.29,0.26,7.37,44.73,113.26,138.52,186.34,117.39,470.56,20.53,5.5,0.78,0,0
2004,South India,Karnataka,958.76,13.53,0.22,1.43,41.52,40.93,111.62,387.78,279.21,8.58,65.95,0.05,7.94,0.841,0,0
2005,South India,Karnataka,832.77,0.2,1.21,83.58,35.39,43.78,125.18,129.61,299.33,58.16,32.88,23.33,0.13,0.675,1,0
2006,South India,Karnataka,526.9,0.0,30.86,0.04,1.93,3.89,137.16,125.88,50.84,144.63,11.88,0.01,19.8,0.684,1,0
2007,South India,Karnataka,1637.12,0.01,533.58,5.12,65.79,0.46,273.4,241.04,154.23,183.49,70.16,60.28,49.56,0.632,0,1
2008,South India,Karnataka,1130.84,11.65,101.25,11.42,57.78,9.14,181.66,52.91,243.0,452.0,7.67,2.35,0.01,0.963,0,0
2009,South India,Karnataka,1067.6,49.95,0.7,1.8,68.75,46.45,27.93,351.8,327.77,66.54,103.73,0.49,21.7,0.982,0,0
2010,South India,Karnataka,1541.76,55.54,0.46,5.02,0.05,6.6,109.13,227.73,310.58,192.27,553.21,80.68,0.49,0.919,0,0
2011,South India,Karnataka,1412.18,0.59,2.29,3.46,15.63,13.3,295.88,274.6,375.97,371.47,48.04,10.62,0.33,0.994,0,0
2012,South India,Karnataka,1146.55,0.0,6.68,0.03,108.54,7.59,260.77,137.0,214.13,63.67,57.77,262.3,28.07,1.117,0,0
2013,South India,Karnataka,845.27,1.55,0.3,174.22,1.34,70.91,79.05,144.61,88.04,250.39,33.16,0.86,0.84,0.926,1,0
2014,South India,Karnataka,775.23,0.0,69.11,50.16,1.75,41.45,74.41,259.28,107.2,39.99,127.09,0.2,4.59,0.683,1,0
2015,South India,Karnataka,1208.36,0.0,9.71,14.27,19.51,96.8,419.98,65.42,304.02,173.05,57.81,40.2,7.58,0.878,0,0
2016,South India,Karnataka,1811.89,0.01,0.0,1.01,63.77,384.19,79.67,421.21,84.39,713.36,47.13,16.18,0.97,0.456,0,1
2017,South India,Karnataka,1389.18,0.1,53.55,1.47,50.35,55.95,115.22,255.54,726.1,106.3,17.06,4.01,3.51,1.095,0,0
2018,South India,Karnataka,1434.22,7.55,1.2,33.03,102.08,4.33,170.22,358.25,101.87,405.82,131.89,75.16,42.82,0.726,0,0
2019,South India,Karnataka,1033.0,22.2,0.05,1.53,127.35,12.27,65.28,214.69,134.66,137.29,32.36,80.76,204.57,0.879,0,0
2020,South India,Karnataka,1738.89,148.24,0.0,127.61,3.78,253.81,206.7,117.32,400.67,187.01,121.0,84.05,88.7,0.681,0,1
2021,South India,Karnataka,985.83,0.02,9.3,272.67,0.15,6.88,106.53,198.89,79.6,301.9,5.98,3.8,0.12,0.832,0,0
2022,South India,Karnataka,1352.01,0.68,0.08,0.96,138.32,160.66,36.88,66.6,183.94,141.12,323.69,293.71,5.36,0.801,0,0
2023,South India,Karnataka,296.7,1.42,20.39,1.29,12.49,44.74,15.41,67.72,68.99,50.88,0.77,10.98,1.62,0.3,1,0
1990,South India,Kerala,1170.24,0.14,2.39,0.61,0.01,96.49,150.49,317.38,115.21,181.92,125.92,179.29,0.38,0.955,0,0
1991,South India,Kerala,1406.46,5.96,21.24,0.09,83.12,11.18,86.26,508.0,137.69,257.74,175.15,9.77,110.27,0.848,0,0
1992,South India,Kerala,1218.97,4.72,232.63,0.02,0.03,108.79,23.73,193.18,163.2,186.63,131.56,154.17,20.31,0.819,0,0
1993,South India,Kerala,1071.27,0.6,0.07,96.19,8.77,3.86,88.09,143.99,472.47,93.94,151.25,12.03,0.01,1.075,0,0
1994,South India,Kerala,1133.35,0.61,0.76,0.21,51.49,48.36,27.89,124.68,497.96,30.11,191.64,39.85,119.79,0.977,0,0
1995,South India,Kerala,1241.37,24.71,9.12,56.75,0.24,3.36,29.98,390.67,20.88,81.8,191.5,421.31,11.07,1.027,0,0
1996,South India,Kerala,1127.22,11.42,110.73,14.64,37.65,14.33,45.59,215.21,447.97,167.79,42.42,14.82,4.65,0.813,0,0
1997,South India,Kerala,1457.03,124.77,0.0,4.23,26.9,169.31,113.59,81.94,113.19,338.47,40.66,410.92,33.04,0.607,0,0
1998,South India,Kerala,1244.43,2.74,0.48,0.33,8.52,0.22,47.11,220.48,811.0,61.12,17.07,26.96,48.41,0.925,0,0
1999,South India,Kerala,1169.64,223.01,2.62,10.71,9.96,15.2,41.81,467.57,44.63,223.1,18.99,112.05,0.0,0.981,0,0
2000,South India,Kerala,1293.75,0.13,13.45,51.64,15.1,76.03,275.14,22.89,251.93,294.16,281.44,7.61,4.23,0.973,0,0
2001,South India,Kerala,845.29,1.79,112.04,13.25,4.55,3.18,66.97,333.47,57.56,156.4,80.01,0.58,15.5,0.867,1,0
2002,South India,Kerala,1254.73,6.15,3.59,18.58,7.83,4.93,71.32,205.36,193.27,70.0,166.71,111.95,395.05,0.97,0,0
2003,South India,Kerala,1240.95,0.0,0.0,11.91,0.0,32.64,250.68,661.91,158.43,102.25,20.62,2.45,0.04,0.988,0,0
2004,South India,Kerala,1262.95,68.93,0.0,100.63,26.45,169.39,52.89,136.63,525.83,111.83,5.67,53.92,10.77,1.01,0,0
2005,South India,Kerala,1077.24,311.27,4.35,21.13,1.16,16.38,114.99,247.55,184.81,148.38,24.8,2.13,0.29,0.973,0,0
2006,South India,Kerala,1778.83,2.03,0.0,0.05,406.5,32.33,133.44,461.21,265.24,264.41,100.4,21.52,91.69,0.581,0,1
2007,South India,Kerala,1087.75,95.17,4.43,3.6,0.61,240.82,127.93,246.78,235.18,71.82,51.77,0.44,9.2,0.882,0,0
2008,South India,Kerala,1367.95,38.25,5.89,5.78,41.09,48.88,116.09,333.11,343.42,225.01,21.69,157.16,31.58,0.791,0,0
2009,South India,Kerala,1084.03,0.1,0.12,0.16,30.57,14.83,141.38,279.58,467.85,82.58,9.79,39.69,17.37,0.803,0,0
2010,South India,Kerala,1457.68,49.68,0.69,46.7,37.11,30.56,14.85,392.83,471.89,165.25,41.45,182.62,24.05,0.807,0,0
2011,South India,Kerala,1156.6,19.92,54.56,0.04,2.85,88.79,70.89,425.18,123.03,100.99,48.42,221.7,0.25,1.079,0,0
2012,South India,Kerala,1315.89,4.32,0.34,3.32,0.0,196.52,57.45,192.89,250.34,387.04,138.6,21.18,63.89,0.895,0,0
2013,South India,Kerala,594.83,2.39,15.29,127.49,73.03,78.29,4.62,55.63,133.8,95.99,2.07,1.67,4.56,0.548,1,0
2014,South India,Kerala,1734.28,0.65,0.0,13.34,4.23,202.38,246.13,164.4,138.32,643.81,82.08,233.4,5.54,0.511,0,1
2015,South India,Kerala,606.61,0.03,44.81,0.0,17.59,102.93,1.63,117.83,151.13,71.07,42.12,57.25,0.23,0.528,1,0
2016,South India,Kerala,1525.25,0.87,323.94,1.32,2.17,53.4,179.13,670.81,251.42,27.22,4.19,8.89,1.9,0.777,0,0
2017,South India,Kerala,1620.0,2.0,0.05,2.64,14.21,63.85,192.34,68.96,849.28,53.28,40.19,19.11,314.08,0.829,0,0
2018,South India,Kerala,1042.77,2.2,25.38,10.78,0.49,52.1,50.73,117.77,432.6,123.72,40.1,185.63,1.27,0.854,0,0
2019,South India,Kerala,1576.09,18.65,0.05,0.01,32.79,105.71,152.87,65.81,190.1,346.21,436.46,4.19,223.24,0.813,0,0
2020,South India,Kerala,1349.63,0.58,0.0,74.56,8.55,6.83,208.36,116.56,452.13,138.67,34.35,26.43,282.61,0.884,0,0
2021,South India,Kerala,2024.67,0.0,1.73,53.94,54.72,41.39,118.58,63.8,265.01,681.15,551.8,3.97,188.58,0.447,0,1
2022,South India,Kerala,1509.33,6.37,162.88,412.06,87.38,3.85,193.97,239.94,184.62,16.26,114.1,56.03,31.86,0.911,0,0
2023,South India,Kerala,1062.01,1.6,12.64,2.13,0.26,57.54,252.85,29.31,262.51,94.34,345.13,3.7,0.0,0.887,0,0
1990,South India,Andhra Pradesh,1491.09,31.0,1.81,17.74,118.13,88.27,357.64,286.06,263.06,135.65,33.61,26.38,131.75,0.725,0,0
1991,South India,Andhra Pradesh,1312.44,155.71,32.3,185.78,65.08,22.73,68.0,229.71,365.94,76.49,28.25,57.74,24.72,0.907,0,0
1992,South India,Andhra Pradesh,1229.7,76.34,0.19,13.47,13.41,1.43,133.05,59.99,454.54,323.57,104.5,27.19,22.03,0.848,0,0
1993,South India,Andhra Pradesh,1213.23,34.41,0.0,152.99,8.01,6.18,255.41,106.77,189.86,11.06,60.73,202.62,185.17,0.951,0,0
1994,South India,Andhra Pradesh,986.05,65.67,131.36,0.0,0.04,10.88,201.71,197.63,188.64,34.84,83.74,1.02,70.52,0.902,0,0
1995,South India,Andhra Pradesh,1133.47,0.6,0.0,59.64,5.9,167.94,90.98,95.57,365.1,197.02,69.28,8.85,72.6,0.893,0,0
1996,South India,Andhra Pradesh,1244.08,0.01,0.07,23.79,432.09,113.54,153.04,125.52,325.04,49.92,13.92,7.12,0.0,0.919,0,0
1997,South India,Andhra Pradesh,1472.76,323.25,0.4,0.02,0.05,30.23,165.3,50.36,461.24,73.49,22.63,341.05,4.76,0.864,0,0
1998,South India,Andhra Pradesh,1848.67,286.8,35.34,23.68,30.67,129.12,137.89,336.88,583.1,131.04,28.85,97.02,28.28,0.337,0,1
1999,South India,Andhra Pradesh,1113.3,4.04,0.03,37.19,0.43,2.02,231.45,186.44,99.68,414.6,29.61,105.85,1.95,0.832,0,0
2000,South India,Andhra Pradesh,1470.17,0.0,6.97,3.89,42.67,3.5,9.89,1022.76,91.95,164.32,107.54,12.64,4.04,0.773,0,0
2001,South India,Andhra Pradesh,1551.11,24.49,3.86,1.04,260.75,9.69,26.91,182.24,405.5,589.45,34.44,0.86,11.87,0.668,0,0
2002,South India,Andhra Pradesh,1523.26,2.26,0.23,7.39,17.14,30.62,239.13,72.84,784.57,251.43,103.45,0.0,14.19,0.894,0,0
2003,South India,Andhra Pradesh,1176.08,3.12,14.92,258.45,78.01,16.36,20.08,274.44,75.86,208.36,26.74,199.66,0.07,0.992,0,0
2004,South India,Andhra Pradesh,1063.61,0.09,0.0,12.48,59.97,47.68,231.94,57.71,378.94,141.33,119.22,8.83,5.41,0.755,0,0
2005,South India,Andhra Pradesh,1276.3,0.0,0.16,49.21,16.96,34.26,62.22,271.47,86.81,372.39,166.85,215.98,0.01,1.072,0,0
2006,South India,Andhra Pradesh,1205.79,5.1,0.01,35.47,48.21,1.57,60.86,508.36,129.53,184.98,230.13,0.0,1.58,0.957,0,0
2007,South India,Andhra Pradesh,1332.89,187.59,33.34,51.39,5.05,7.88,36.93,316.84,106.06,272.21,154.72,102.05,58.82,0.956,0,0
2008,South India,Andhra Pradesh,1514.72,39.53,13.24,0.0,0.01,18.35,123.95,398.51,148.41,392.72,243.51,92.96,43.51,0.621,0,0
2009,South India,Andhra Pradesh,1139.17,11.26,3.81,1.69,50.81,14.24,118.15,214.39,443.17,148.31,57.33,73.53,2.49,1.032,0,0
2010,South India,Andhra Pradesh,1145.61,6.33,12.37,24.99,3.49,62.06,126.43,394.41,201.8,92.04,35.89,152.36,33.45,0.93,0,0
2011,South India,Andhra Pradesh,1461.39,7.84,0.01,36.54,3.32,1.03,126.56,126.51,622.66,308.0,144.41,19.71,64.81,0.753,0,0
2012,South India,Andhra Pradesh,1391.48,0.0,42.13,47.54,20.04,141.71,34.47,189.5,159.02,635.14,121.89,0.04,0.0,0.815,0,0
2013,South India,Andhra Pradesh,613.47,97.58,6.68,0.64,35.04,0.0,74.16,85.9,91.65,214.84,0.8,0.08,6.1,0.654,1,0
2014,South India,Andhra Pradesh,754.82,91.74,4.36,2.99,36.72,94.24,72.36,57.05,152.94,116.96,31.94,31.01,62.51,0.677,1,0
2015,South India,Andhra Pradesh,1041.87,4.54,18.36,19.97,0.0,118.5,162.46,9.39,349.83,182.84,161.23,14.73,0.0,0.859,0,0
2016,South India,Andhra Pradesh,1288.87,7.42,1.36,0.0,22.09,243.09,332.25,175.65,92.41,184.38,63.66,152.02,14.54,0.821,0,0
2017,South India,Andhra Pradesh,1322.7,0.1,61.33,18.06,21.02,11.5,404.85,269.03,164.01,120.4,239.57,12.67,0.17,0.968,0,0
2018,South India,Andhra Pradesh,726.18,1.98,8.83,0.2,0.61,52.99,190.42,82.02,168.36,208.33,1.4,4.54,6.51,0.734,1,0
2019,South India,Andhra Pradesh,1246.27,84.09,12.75,141.88,1.13,90.21,61.67,122.84,139.1,429.5,51.65,110.58,0.89,0.938,0,0
2020,South India,Andhra Pradesh,1055.13,0.18,2.33,0.06,210.64,15.74,69.04,187.91,226.74,32.67,150.18,35.73,123.92,0.964,0,0
2021,South India,Andhra Pradesh,1395.28,1.93,1.83,1.19,123.72,73.81,226.32,252.43,328.81,219.33,165.38,0.53,0.0,0.865,0,0
2022,South India,Andhra Pradesh,1568.81,3.3,0.24,45.72,11.12,9.56,526.37,55.12,518.55,22.67,310.22,10.36,55.6,0.604,0,0
2023,South India,Andhra Pradesh,685.41,0.0,0.0,12.97,64.94,10.15,38.0,161.76,101.59,263.36,1.14,8.9,22.58,0.513,1,0
1990,East India,West Bengal,1111.85,0.16,0.08,10.96,32.13,0.0,334.77,112.76,240.85,98.39,2.91,277.41,1.44,0.824,1,0
1991,East India,West Bengal,1889.42,1.1,0.0,206.36,4.79,156.46,426.41,157.75,397.82,498.22,11.33,24.05,5.12,0.746,0,0
1992,East India,West Bengal,1254.44,0.04,44.72,2.39,5.99,87.91,527.65,115.56,175.23,210.65,35.88,11.78,36.65,0.799,0,0
1993,East India,West Bengal,1558.67,0.05,246.49,54.1,1.22,19.75,309.23,200.83,433.84,4.61,47.25,241.2,0.09,1.038,0,0
1994,East India,West Bengal,700.93,0.31,3.64,0.25,36.3,0.48,107.58,137.25,183.84,151.96,13.57,1.11,64.62,0.68,1,0
1995,East India,West Bengal,1411.78,0.13,11.53,0.04,47.14,51.91,44.15,172.38,697.08,176.04,35.46,153.4,22.52,0.919,0,0
1996,East India,West Bengal,1501.47,0.0,386.36,0.03,105.89,69.17,64.01,510.05,214.29,64.27,79.54,0.02,7.83,1.038,0,0
1997,East India,West Bengal,1753.71,65.62,0.01,0.69,0.14,2.11,102.43,472.88,197.27,440.17,373.83,19.37,79.2,0.851,0,0
1998,East India,West Bengal,995.64,169.18,1.75,57.68,1.35,6.21,48.88,156.61,390.99,100.22,58.41,0.76,3.59,0.547,1,0
1999,East India,West Bengal,2058.27,0.03,12.42,21.53,71.86,13.09,61.04,377.89,582.57,500.75,349.87,34.61,32.62,0.558,0,1
2000,East India,West Bengal,1439.89,0.0,6.14,12.32,12.95,3.18,225.27,774.14,78.36,309.19,13.97,0.83,3.54,1.006,0,0
2001,East India,West Bengal,1008.13,0.0,161.95,19.97,3.34,41.22,131.25,63.98,197.36,73.35,84.9,29.46,201.34,0.821,1,0
2002,East India,West Bengal,1283.9,1.98,0.28,0.8,16.32,175.24,138.34,117.88,430.89,276.87,20.08,95.28,9.96,0.886,0,0
2003,East India,West Bengal,1596.32,0.02,1.71,1.79,1.14,0.0,82.27,290.65,444.74,354.23,393.43,17.53,8.81,0.924,0,0
2004,East India,West Bengal,1076.78,1.32,11.15,93.02,17.76,22.62,172.87,119.92,211.26,212.93,108.61,7.19,98.13,0.67,1,0
2005,East India,West Bengal,2258.57,7.61,0.0,305.9,8.32,327.36,151.62,201.08,956.27,266.83,24.9,8.61,0.06,0.503,0,1
2006,East India,West Bengal,1713.07,0.06,2.51,45.81,41.34,0.01,127.08,227.33,567.82,582.11,112.46,1.03,5.5,0.915,0,0
2007,East India,West Bengal,1842.72,84.54,119.25,0.08,356.98,1.38,19.13,542.8,271.96,300.1,135.79,3.34,7.37,0.775,0,0
2008,East India,West Bengal,1769.03,4.06,16.4,11.75,7.36,41.07,303.36,151.87,608.0,348.46,85.2,3.8,187.7,0.713,0,0
2009,East India,West Bengal,1370.52,6.3,11.22,0.65,157.88,3.8,162.02,299.17,274.27,64.29,297.43,58.91,34.56,0.942,0,0
2010,East India,West Bengal,1527.63,0.07,34.36,0.0,79.39,99.58,210.99,166.29,281.71,331.01,295.46,12.53,16.24,1.155,0,0
2011,East India,West Bengal,1598.64,39.16,7.41,98.82,23.3,157.64,631.63,114.47,219.97,215.68,10.53,66.42,13.6,0.785,0,0
2012,East India,West Bengal,1575.99,8.58,0.0,0.13,4.48,7.89,99.21,235.4,186.54,659.1,372.44,1.51,0.71,0.965,0,0
2013,East India,West Bengal,1725.89,1.69,0.0,1.08,9.58,182.46,8.47,88.67,1145.95,210.04,4.06,66.95,6.95,0.816,0,0
2014,East India,West Bengal,1140.04,2.97,0.14,82.18,0.64,19.5,106.81,479.26,423.6,11.4,4.53,6.04,2.97,0.898,0,0
2015,East India,West Bengal,1244.68,2.38,7.13,0.01,53.11,0.49,29.65,487.99,292.55,283.01,4.21,83.97,0.2,0.918,0,0
2016,East India,West Bengal,1625.32,29.74,116.86,95.06,76.81,39.17,117.53,426.01,348.4,67.99,79.75,131.64,96.38,1.142,0,0
2017,East India,West Bengal,1467.57,39.82,0.01,180.63,157.82,72.32,47.22,401.17,327.57,211.38,4.43,18.63,6.56,0.927,0,0
2018,East India,West Bengal,1597.06,24.54,0.03,48.95,1.49,43.17,395.87,192.96,121.86,117.39,506.99,14.13,129.68,0.994,0,0
2019,East India,West Bengal,978.07,0.14,0.0,2.47,30.6,35.21,91.27,25.74,544.73,188.3,57.96,0.42,1.23,0.882,1,0
2020,East India,West Bengal,757.7,0.52,14.87,54.0,43.94,0.02,201.38,198.0,133.3,79.96,30.14,1.5,0.08,0.609,1,0
2021,East India,West Bengal,1939.12,61.2,30.35,5.6,53.54,25.12,207.14,460.87,614.62,267.09,145.57,58.94,9.08,0.872,0,0
2022,East India,West Bengal,1422.64,2.75,0.0,51.69,1.14,22.45,126.38,371.41,251.38,139.21,253.9,3.23,199.08,0.906,0,0
2023,East India,West Bengal,2140.23,8.17,0.26,0.0,320.55,44.74,716.23,221.22,226.89,509.25,65.63,15.58,11.7,0.713,0,1
1990,East India,Odisha,964.2,1.22,2.22,8.68,3.6,188.26,230.89,174.43,108.69,43.79,12.29,179.86,10.28,0.686,1,0
1991,East India,Odisha,692.98,4.46,66.05,55.77,19.98,8.65,212.51,22.05,180.01,26.44,71.88,20.29,4.89,0.44,1,0
1992,East India,Odisha,1343.21,184.86,21.34,3.18,10.73,29.82,85.74,59.94,209.94,204.26,229.28,61.0,243.12,0.891,0,0
1993,East India,Odisha,1620.02,0.21,0.21,0.0,5.67,7.76,109.91,243.31,341.24,77.62,449.85,288.79,95.46,1.008,0,0
1994,East India,Odisha,2239.91,257.55,14.84,19.19,132.22,350.66,141.46,183.28,640.03,240.67,9.86,39.66,210.48,0.696,0,1
1995,East India,Odisha,1424.68,0.8,2.33,142.78,48.76,0.03,410.15,154.56,358.97,258.4,46.2,1.7,0.0,0.877,0,0
1996,East India,Odisha,1094.48,49.7,0.15,13.11,74.5,177.45,38.46,127.88,399.92,13.56,191.44,8.29,0.0,0.847,1,0
1997,East India,Odisha,1473.93,89.93,16.98,9.73,37.43,58.15,221.81,416.34,362.53,23.21,230.96,6.39,0.49,0.904,0,0
1998,East India,Odisha,1008.96,16.13,4.78,48.48,31.03,3.98,14.77,510.86,91.33,184.63,87.47,11.7,3.81,0.759,1,0
1999,East India,Odisha,1550.29,0.38,18.48,91.83,0.11,96.32,273.12,296.43,205.52,204.61,214.21,134.24,15.03,0.842,0,0
2000,East India,Odisha,1391.96,0.29,6.54,76.23,100.11,0.39,118.75,222.56,216.24,324.08,101.05,32.34,193.39,1.171,0,0
2001,East India,Odisha,827.71,168.27,0.09,0.0,47.99,37.48,70.37,66.73,226.53,24.27,139.37,32.63,13.99,0.651,1,0
2002,East India,Odisha,1851.28,9.98,211.32,2.27,18.21,153.81,30.49,498.39,130.26,325.09,16.31,4.07,451.07,0.695,0,0
2003,East India,Odisha,1078.33,1.2,0.0,51.5,5.9,32.2,51.69,334.11,11.42,92.06,132.75,112.17,253.33,0.719,1,0
2004,East India,Odisha,1417.17,0.0,11.66,145.97,0.0,1.33,55.77,222.68,166.32,706.45,70.91,30.87,5.21,0.976,0,0
2005,East India,Odisha,1234.76,0.24,5.75,0.02,18.15,33.8,257.89,41.25,212.56,60.58,600.2,0.21,4.11,0.71,0,0
2006,East India,Odisha,728.21,6.74,0.0,0.24,4.69,7.33,102.89,106.05,208.54,217.59,4.01,28.0,42.12,0.623,1,0
2007,East India,Odisha,2317.9,2.83,33.3,34.92,37.03,1.37,28.75,214.11,869.39,43.42,1036.28,5.01,11.5,0.455,0,1
2008,East India,Odisha,1565.92,21.36,0.12,9.47,2.79,0.04,243.51,260.27,283.63,46.96,214.99,454.92,27.85,0.88,0,0
2009,East India,Odisha,1800.18,6.61,3.51,16.44,106.95,0.89,548.09,310.2,347.73,236.46,185.29,22.95,15.06,0.856,0,0
2010,East India,Odisha,2158.01,18.3,0.5,2.5,49.85,113.89,17.04,571.68,961.15,119.53,256.79,35.86,10.92,0.793,0,1
2011,East India,Odisha,831.64,107.99,2.59,1.61,17.62,6.29,181.55,93.94,291.02,64.97,12.39,15.92,35.76,0.733,1,0
2012,East India,Odisha,1822.76,0.87,0.0,5.44,2.7,11.69,120.02,431.85,170.43,458.35,617.9,3.33,0.17,0.918,0,0
2013,East India,Odisha,1488.16,40.16,11.03,0.0,0.03,72.63,477.11,130.24,488.91,71.27,169.99,5.15,21.64,0.964,0,0
2014,East India,Odisha,1802.88,55.06,0.04,5.85,24.88,46.65,746.78,90.16,523.23,292.74,10.53,6.94,0.0,1.109,0,0
2015,East India,Odisha,1782.95,141.61,1.75,67.86,0.88,45.42,248.53,598.33,458.23,78.0,99.18,11.46,31.68,0.746,0,0
2016,East India,Odisha,1820.92,5.46,4.52,81.47,19.89,4.9,115.67,428.29,682.56,69.75,315.32,49.84,43.23,0.839,0,0
2017,East India,Odisha,1325.88,81.29,0.0,4.0,153.84,358.49,19.24,203.14,326.87,15.06,110.67,0.13,53.15,1.071,0,0
2018,East India,Odisha,814.89,0.38,0.0,59.01,0.84,35.79,90.25,176.08,204.32,170.49,0.52,0.5,76.71,0.699,1,0
2019,East India,Odisha,1478.89,0.0,2.37,0.12,0.02,9.75,423.94,551.23,140.38,107.14,241.93,0.0,2.02,0.868,0,0
2020,East India,Odisha,1235.61,2.89,2.92,3.49,0.93,56.98,14.43,230.42,756.43,36.22,85.43,45.45,0.01,0.727,0,0
2021,East India,Odisha,1497.5,6.44,351.05,7.5,13.01,330.33,38.89,160.61,65.66,159.89,17.71,335.36,11.05,0.85,0,0
2022,East India,Odisha,1145.93,0.02,2.68,0.0,64.23,167.5,74.55,269.2,165.28,80.59,121.03,174.38,26.46,0.686,0,0
2023,East India,Odisha,2114.68,96.86,8.01,197.48,3.41,108.88,101.41,583.93,25.59,882.62,78.14,4.81,23.54,0.713,0,1
1990,East India,Bihar,1123.44,10.84,2.39,122.95,23.95,3.03,209.31,451.54,147.34,59.26,88.39,1.7,2.74,0.759,1,0
1991,East India,Bihar,1956.12,12.01,0.14,535.38,74.25,11.55,43.62,185.72,299.5,783.65,9.82,0.46,0.0,0.789,0,0
1992,East India,Bihar,1738.23,0.0,6.98,43.85,73.94,0.37,289.61,192.81,436.75,168.49,183.07,157.97,184.39,0.844,0,0
1993,East India,Bihar,1681.41,0.7,128.46,2.97,584.29,124.87,177.24,101.22,340.86,127.7,68.97,0.43,23.71,0.909,0,0
1994,East India,Bihar,1877.7,4.05,1.32,16.83,205.29,3.26,431.8,566.53,556.11,44.48,44.23,3.35,0.45,0.807,0,0
1995,East India,Bihar,1605.02,1.09,16.57,129.68,15.29,2.28,253.78,469.61,387.98,169.61,71.92,42.39,44.81,0.864,0,0
1996,East India,Bihar,1907.65,0.4,0.11,5.63,171.83,0.1,124.05,393.29,326.19,310.33,11.57,101.0,463.14,1.046,0,0
1997,East India,Bihar,1506.24,5.92,11.1,36.22,1.39,136.72,254.07,418.92,163.47,264.32,52.45,0.0,161.67,0.981,0,0
1998,East India,Bihar,1354.03,61.47,27.31,1.11,7.31,10.85,102.78,281.97,775.53,59.61,24.86,0.02,1.22,0.983,0,0
1999,East India,Bihar,1506.53,89.36,10.5,76.66,17.98,205.18,11.32,367.33,161.19,359.48,76.91,130.59,0.03,0.994,0,0
2000,East India,Bihar,1206.72,14.39,90.5,5.6,11.42,54.0,92.16,292.72,273.13,33.83,188.68,4.58,145.7,0.854,0,0
2001,East India,Bihar,1932.29,26.53,0.0,24.17,42.12,6.94,128.41,271.33,666.43,38.29,321.46,6.45,400.14,0.719,0,0
2002,East India,Bihar,1631.95,1.77,0.03,25.35,89.71,14.49,72.38,882.86,259.5,12.8,132.88,138.5,1.69,1.091,0,0
2003,East India,Bihar,1153.04,3.65,30.76,97.36,117.18,9.48,132.36,179.67,203.51,53.42,208.11,37.01,80.54,0.763,0,0
2004,East India,Bihar,2229.35,0.69,8.59,3.14,190.63,0.76,28.36,1075.24,384.52,248.64,173.1,0.08,115.59,0.579,0,1
2005,East India,Bihar,2094.79,2.13,20.58,0.1,6.83,50.74,206.92,714.26,678.08,181.31,40.86,149.64,43.34,0.54,0,1
2006,East India,Bihar,2312.64,0.68,9.69,0.09,89.19,305.11,52.09,190.42,960.09,685.71,10.25,9.18,0.14,0.551,0,1
2007,East India,Bihar,1453.64,0.0,46.94,151.92,31.97,8.9,102.27,146.96,816.9,24.13,3.97,73.92,45.77,0.825,0,0
2008,East India,Bihar,1331.31,79.2,7.79,0.05,2.61,76.29,19.94,184.11,435.63,257.79,13.54,14.97,239.39,0.892,0,0
2009,East India,Bihar,1474.66,0.61,9.11,263.04,94.1,4.5,356.93,227.28,255.23,108.32,121.22,25.64,8.68,1.01,0,0
2010,East India,Bihar,2026.0,2.13,3.93,17.7,322.47,0.0,112.74,541.97,316.09,182.07,500.93,4.01,21.96,0.803,0,1
2011,East India,Bihar,1200.68,2.71,3.26,85.21,205.47,106.69,109.88,317.68,153.51,83.76,35.54,96.97,0.0,0.874,0,0
2012,East India,Bihar,1877.45,0.12,115.08,8.06,25.07,76.94,33.17,460.23,806.58,194.33,23.2,113.58,21.09,0.952,0,0
2013,East India,Bihar,1968.25,63.81,0.0,22.45,65.8,19.81,128.35,292.64,482.63,774.45,116.12,2.19,0.0,0.705,0,0
2014,East India,Bihar,1883.68,0.08,7.1,69.79,0.47,0.02,363.13,216.22,859.18,157.42,62.84,0.65,146.78,0.694,0,0
2015,East India,Bihar,1472.34,1.2,12.63,108.17,42.57,96.05,79.99,156.42,311.68,207.36,422.67,33.45,0.15,1.178,0,0
2016,East India,Bihar,1596.5,344.3,109.2,13.92,25.35,14.13,340.61,324.17,23.91,197.19,34.6,74.86,94.25,0.934,0,0
2017,East India,Bihar,1743.33,0.0,0.0,0.0,33.66,0.73,268.69,912.55,179.35,160.84,88.61,0.12,98.76,0.827,0,0
2018,East India,Bihar,2003.25,16.01,0.0,0.2,35.33,162.23,19.11,950.82,243.37,356.47,25.29,194.31,0.11,0.582,0,0
2019,East India,Bihar,1877.6,47.78,0.91,98.91,223.85,86.04,148.35,818.3,145.65,222.71,2.61,77.35,5.15,0.926,0,0
2020,East India,Bihar,1135.75,0.0,0.06,0.31,2.64,159.13,381.55,95.82,249.7,7.86,232.83,0.97,4.88,0.884,0,0
2021,East India,Bihar,1123.32,18.45,97.54,6.15,34.7,121.21,19.62,77.06,202.92,187.61,141.89,94.0,122.17,0.841,1,0
2022,East India,Bihar,954.12,4.86,8.15,0.01,37.53,58.02,114.08,272.69,243.31,127.49,70.98,17.01,0.0,0.799,1,0
2023,East India,Bihar,1938.32,238.05,0.19,80.38,75.77,107.82,289.88,272.95,234.97,504.05,50.15,84.04,0.06,0.823,0,0
1990,East India,Jharkhand,1547.21,5.39,104.57,0.0,25.92,9.45,390.78,49.42,258.66,303.49,389.26,0.04,10.22,1.063,0,0
1991,East India,Jharkhand,1719.24,33.72,0.24,69.01,82.05,140.03,341.98,79.19,286.88,119.39,414.39,90.57,61.78,1.026,0,0
1992,East India,Jharkhand,955.08,0.0,47.38,7.83,71.77,11.95,18.18,224.91,336.8,63.26,51.3,121.7,0.0,0.594,1,0
1993,East India,Jharkhand,782.74,26.85,84.96,16.8,2.11,73.48,85.71,12.2,60.56,75.11,189.72,143.16,12.07,0.591,1,0
1994,East India,Jharkhand,1544.52,51.86,83.21,69.16,0.65,20.97,52.07,558.43,363.15,163.65,125.66,6.42,49.29,0.906,0,0
1995,East India,Jharkhand,1802.84,0.0,0.02,210.68,39.29,58.98,234.78,303.47,134.76,244.54,232.27,59.48,284.58,0.673,0,0
1996,East India,Jharkhand,1145.39,74.0,1.83,57.98,9.53,160.57,43.36,279.61,221.34,113.46,30.16,16.59,136.95,0.864,0,0
1997,East India,Jharkhand,1247.53,0.0,0.0,2.31,36.2,96.49,64.43,177.92,290.67,547.75,31.61,0.0,0.15,0.815,0,0
1998,East India,Jharkhand,1390.61,0.05,0.0,0.01,1.31,0.79,17.62,447.56,308.33,67.04,504.21,43.69,0.01,1.166,0,0
1999,East India,Jharkhand,1298.29,0.0,0.0,0.15,52.7,34.42,3.47,140.44,391.42,267.35,323.14,0.85,84.34,0.862,0,0
2000,East India,Jharkhand,2047.35,0.01,240.74,43.87,30.71,35.25,337.06,534.31,458.37,220.65,107.2,38.0,1.18,0.845,0,1
2001,East India,Jharkhand,1767.36,21.98,3.67,82.3,1.69,55.78,423.61,406.34,532.36,142.88,53.61,36.54,6.62,0.742,0,0
2002,East India,Jharkhand,1243.65,0.0,0.41,5.85,31.28,10.34,113.16,177.87,572.46,176.26,117.62,22.45,15.96,0.839,0,0
2003,East India,Jharkhand,1262.76,8.2,2.94,108.51,181.32,27.2,360.93,47.15,182.98,166.95,45.81,0.03,130.74,0.862,0,0
2004,East India,Jharkhand,2242.45,0.07,73.96,229.0,34.61,124.69,158.52,232.59,139.92,373.86,488.45,36.76,350.02,0.634,0,1
2005,East India,Jharkhand,1767.38,69.37,0.02,4.21,44.49,23.4,37.43,202.79,778.01,270.41,97.45,232.66,7.14,0.859,0,0
2006,East India,Jharkhand,1912.38,10.57,49.88,10.01,26.41,43.29,216.16,117.18,582.45,709.9,10.32,15.75,120.46,0.719,0,0
2007,East India,Jharkhand,1869.54,0.0,0.0,3.11,0.51,189.42,371.0,450.15,338.36,166.64,181.8,149.88,18.67,0.678,0,0
2008,East India,Jharkhand,1154.43,65.77,4.25,0.7,10.81,320.09,310.52,125.5,204.33,93.42,16.35,0.01,2.67,0.645,0,0
2009,East India,Jharkhand,1713.68,0.0,0.0,36.33,6.04,190.96,138.46,189.02,425.67,303.24,411.9,10.94,1.11,0.774,0,0
2010,East India,Jharkhand,878.09,0.0,0.35,0.01,77.86,162.17,5.69,223.72,159.64,178.72,0.48,0.47,68.97,0.695,1,0
2011,East India,Jharkhand,1282.45,16.41,0.09,1.51,7.04,119.58,39.91,451.91,71.26,87.32,469.27,0.44,17.69,0.763,0,0
2012,East India,Jharkhand,1189.73,9.21,6.82,0.07,9.45,49.45,47.41,743.18,136.51,173.24,5.21,1.76,7.41,0.758,0,0
2013,East India,Jharkhand,1915.71,22.93,0.44,13.17,0.08,2.7,633.6,164.64,618.97,349.41,106.92,0.86,2.0,0.817,0,0
2014,East India,Jharkhand,1034.55,0.0,0.0,0.05,1.92,7.82,146.56,189.62,273.7,217.47,157.11,21.29,19.01,0.845,1,0
2015,East India,Jharkhand,1524.82,72.92,3.23,5.93,10.45,918.3,16.08,150.98,178.94,25.99,31.28,46.6,64.11,1.023,0,0
2016,East India,Jharkhand,1189.31,135.15,0.0,61.69,202.4,1.18,16.55,201.21,194.98,230.57,141.19,0.59,3.8,0.801,0,0
2017,East India,Jharkhand,1699.17,0.0,217.08,0.2,0.01,76.98,191.48,646.84,86.57,155.05,320.97,3.98,0.0,1.027,0,0
2018,East India,Jharkhand,1466.66,0.29,1.21,0.01,21.43,200.58,62.64,101.75,658.93,126.84,0.43,209.15,83.41,1.134,0,0
2019,East India,Jharkhand,1464.76,0.0,0.13,0.38,2.42,2.71,112.33,86.82,145.49,209.61,274.87,423.28,206.74,0.956,0,0
2020,East India,Jharkhand,1404.21,0.06,4.17,0.1,121.53,22.48,419.34,397.37,376.27,24.39,0.2,0.82,37.48,0.924,0,0
2021,East India,Jharkhand,1800.7,183.5,0.01,0.0,0.0,12.66,55.17,131.68,294.74,299.0,251.16,569.47,3.3,0.845,0,0
2022,East India,Jharkhand,1433.88,0.0,8.3,0.01,31.18,12.42,182.24,265.19,648.22,248.98,18.11,9.94,9.29,0.921,0,0
2023,East India,Jharkhand,1514.48,336.11,0.01,2.28,52.54,23.92,28.01,175.09,72.42,415.49,35.68,370.8,2.13,1.091,0,0
1990,West India,Rajasthan,322.68,34.37,11.61,8.57,0.41,1.69,12.98,65.42,135.53,6.0,38.57,7.29,0.23,0.674,1,0
1991,West India,Rajasthan,440.37,15.11,0.08,0.12,15.99,33.94,70.08,140.35,56.45,20.31,82.65,4.86,0.44,0.582,1,0
1992,West India,Rajasthan,907.76,9.84,55.88,291.99,1.52,0.03,42.7,131.59,49.47,258.61,39.94,10.32,15.87,0.705,0,1
1993,West India,Rajasthan,210.01,14.38,1.48,0.99,0.01,13.9,27.47,32.67,78.41,24.17,1.07,12.46,3.02,0.337,1,0
1994,West India,Rajasthan,729.58,55.03,0.13,23.75,2.05,4.39,55.18,48.18,93.9,106.82,32.83,297.58,9.72,1.028,0,0
1995,West India,Rajasthan,581.67,0.0,0.0,0.29,44.47,20.54,76.37,117.57,177.31,76.29,17.84,0.23,50.75,1.088,0,0
1996,West India,Rajasthan,776.45,19.32,22.13,1.45,14.26,52.41,29.1,268.36,59.45,101.64,178.47,4.28,25.58,0.662,0,0
1997,West India,Rajasthan,1005.76,4.26,0.07,2.54,91.38,1.02,12.55,366.16,228.88,144.17,104.75,47.92,2.06,0.379,0,1
1998,West India,Rajasthan,803.26,13.34,0.28,0.55,62.7,1.17,286.76,165.87,174.73,48.68,46.24,0.8,2.14,0.699,0,0
1999,West India,Rajasthan,505.73,0.01,19.74,0.99,0.84,32.9,186.44,38.17,160.75,14.25,11.93,37.83,1.88,0.908,0,0
2000,West India,Rajasthan,732.08,18.79,74.1,15.85,16.9,4.26,65.84,225.55,211.88,74.45,9.9,2.57,11.99,0.931,0,0
2001,West India,Rajasthan,546.11,0.0,2.45,1.4,4.92,8.59,49.17,267.7,31.43,53.21,124.38,2.51,0.36,1.026,0,0
2002,West India,Rajasthan,803.28,0.12,0.0,3.62,145.36,4.09,196.71,54.69,212.06,68.71,15.19,52.13,50.59,0.647,0,0
2003,West India,Rajasthan,921.03,0.44,0.62,0.03,84.98,0.36,15.18,82.3,140.92,55.43,465.15,18.35,57.25,0.631,0,1
2004,West India,Rajasthan,316.18,46.02,14.47,3.08,3.43,32.33,87.73,48.16,43.35,8.13,23.39,1.53,4.54,0.666,1,0
2005,West India,Rajasthan,378.73,0.0,0.67,0.3,0.15,24.84,92.5,28.53,86.03,94.95,37.82,12.49,0.46,0.937,1,0
2006,West India,Rajasthan,561.41,17.7,0.0,0.07,47.48,0.91,115.07,106.52,76.56,128.2,11.79,36.73,20.37,1.003,0,0
2007,West India,Rajasthan,301.0,0.38,0.0,1.75,6.33,6.17,90.51,38.81,116.31,12.14,22.56,0.18,5.86,0.505,1,0
2008,West India,Rajasthan,463.48,0.03,29.86,12.77,0.0,10.1,8.07,104.6,97.85,141.29,12.62,0.65,45.65,0.728,0,0
2009,West India,Rajasthan,480.76,2.56,0.09,0.0,91.3,49.74,38.49,24.8,138.98,75.64,6.85,0.08,52.23,0.81,0,0
2010,West India,Rajasthan,819.43,0.05,12.65,0.3,94.68,1.62,103.08,246.86,152.56,119.26,87.4,0.38,0.6,0.855,0,1
2011,West India,Rajasthan,449.97,28.92,16.01,1.21,0.57,0.63,66.37,67.32,101.52,85.74,77.9,2.58,1.2,0.821,1,0
2012,West India,Rajasthan,491.55,1.19,3.74,20.52,13.73,1.84,18.45,103.85,75.48,137.28,101.47,3.2,10.8,0.901,0,0
2013,West India,Rajasthan,971.46,3.98,93.2,2.71,7.13,14.45,127.13,125.21,411.95,64.54,114.59,6.35,0.24,0.446,0,1
2014,West India,Rajasthan,603.16,128.66,2.18,5.28,0.07,0.24,124.85,73.8,60.52,177.6,4.83,24.76,0.37,0.835,0,0
2015,West India,Rajasthan,614.45,0.0,0.01,3.79,24.77,11.19,46.25,137.77,268.31,55.17,3.15,1.68,62.36,0.871,0,0
2016,West India,Rajasthan,475.53,15.14,1.04,1.19,8.99,12.56,10.03,50.16,132.98,73.55,149.58,14.18,6.15,0.908,0,0
2017,West India,Rajasthan,787.12,3.81,0.0,2.01,190.58,35.38,21.97,99.27,106.59,139.37,134.4,18.44,35.3,0.799,0,0
2018,West India,Rajasthan,647.39,32.26,0.61,0.0,79.3,12.69,1.89,49.25,279.53,127.4,39.33,24.95,0.19,1.032,0,0
2019,West India,Rajasthan,335.42,0.0,0.05,4.66,49.34,7.73,3.32,117.63,50.38,71.17,15.07,12.1,3.97,0.591,1,0
2020,West India,Rajasthan,884.59,327.83,0.0,0.25,1.36,0.82,156.99,126.59,124.89,106.06,3.68,8.54,27.59,0.578,0,1
2021,West India,Rajasthan,606.02,49.86,0.0,145.02,0.37,11.66,11.98,90.3,73.91,106.92,23.77,92.22,0.0,0.933,0,0
2022,West India,Rajasthan,450.61,0.13,0.66,0.0,10.57,21.54,11.89,273.98,41.67,59.08,17.9,13.17,0.0,0.839,0,0
2023,West India,Rajasthan,856.66,0.15,6.01,11.08,29.37,100.12,29.62,141.43,201.07,39.24,75.37,0.0,223.19,0.605,0,1
1990,West India,Gujarat,285.16,0.16,0.0,0.0,3.96,2.48,14.82,84.59,123.06,36.23,10.93,5.38,3.56,0.428,1,0
1991,West India,Gujarat,750.15,0.0,6.13,0.0,28.73,4.91,21.86,53.93,119.33,112.78,345.27,55.82,1.39,0.783,0,0
1992,West India,Gujarat,565.74,52.68,2.74,1.35,6.01,19.55,156.64,169.48,56.28,54.79,1.3,0.93,43.99,0.767,0,0
1993,West India,Gujarat,446.52,2.74,21.33,4.82,8.51,48.3,31.89,158.04,113.34,18.84,20.22,16.97,1.53,0.846,1,0
1994,West India,Gujarat,569.19,0.04,0.08,3.48,0.01,128.3,116.28,72.01,89.66,140.14,6.2,9.26,3.73,1.078,0,0
1995,West India,Gujarat,367.89,0.09,0.34,0.25,4.15,42.26,25.71,75.82,57.96,26.7,65.34,69.24,0.01,0.806,1,0
1996,West India,Gujarat,690.34,114.0,0.74,0.54,0.3,0.0,5.49,62.53,105.15,212.6,53.95,127.63,7.4,0.893,0,0
1997,West India,Gujarat,272.52,3.72,0.0,3.08,8.6,4.1,25.48,42.4,73.85,50.99,8.57,38.24,13.5,0.555,1,0
1998,West India,Gujarat,385.75,0.35,0.0,16.83,7.68,2.38,4.27,82.11,155.61,48.61,19.77,5.16,42.97,0.786,1,0
1999,West India,Gujarat,904.55,0.06,6.19,10.27,232.54,52.14,54.13,76.25,346.54,19.57,17.81,88.84,0.21,0.635,0,1
2000,West India,Gujarat,457.77,0.0,5.52,3.6,3.11,66.77,37.48,59.2,62.45,48.07,146.18,25.1,0.29,0.894,0,0
2001,West India,Gujarat,804.28,17.3,14.99,1.32,109.28,14.62,69.24,193.96,58.73,182.46,63.87,69.93,8.57,0.66,0,0
2002,West India,Gujarat,753.29,5.18,0.01,0.05,2.87,2.29,28.55,218.95,385.1,58.09,47.76,4.43,0.0,0.643,0,0
2003,West India,Gujarat,444.35,18.67,0.0,0.01,14.27,6.84,137.07,43.39,13.95,125.1,30.28,0.03,54.73,0.704,1,0
2004,West India,Gujarat,464.31,2.75,50.5,5.11,70.34,2.74,86.85,132.79,79.67,17.99,13.31,1.9,0.38,0.829,0,0
2005,West India,Gujarat,739.93,0.21,53.26,22.43,18.57,0.84,109.57,85.35,231.62,157.19,43.14,6.2,11.55,0.743,0,0
2006,West India,Gujarat,253.29,0.62,0.0,3.69,20.25,7.26,17.47,82.39,33.03,23.67,61.24,3.38,0.28,0.39,1,0
2007,West India,Gujarat,588.21,0.01,13.11,4.98,114.19,1.56,9.22,126.55,74.84,87.9,37.38,118.18,0.3,1.025,0,0
2008,West India,Gujarat,395.78,3.07,5.83,4.75,4.57,10.94,63.23,112.82,148.85,34.39,0.01,6.51,0.82,0.654,1,0
2009,West India,Gujarat,824.73,8.52,2.37,6.79,140.95,0.82,93.54,234.6,130.5,123.67,11.88,71.09,0.0,0.823,0,1
2010,West India,Gujarat,731.21,0.0,0.3,0.16,65.66,35.81,28.65,315.11,103.37,127.95,17.93,33.23,3.03,0.99,0,0
2011,West India,Gujarat,566.41,0.03,76.83,0.21,3.76,165.01,16.77,142.19,77.57,53.29,2.93,27.8,0.01,0.874,0,0
2012,West India,Gujarat,433.98,0.01,0.15,0.14,0.0,0.13,33.28,177.58,42.72,78.44,50.45,49.07,2.0,0.845,1,0
2013,West India,Gujarat,873.53,0.6,0.13,39.89,3.36,44.86,100.77,250.88,194.51,194.91,36.52,4.89,2.21,0.484,0,1
2014,West India,Gujarat,765.98,0.11,11.35,0.29,0.02,51.77,11.17,473.71,146.93,49.44,7.55,13.47,0.16,0.728,0,0
2015,West India,Gujarat,692.06,0.0,40.54,3.56,3.39,107.23,63.87,67.96,223.5,39.92,139.98,0.08,2.05,0.98,0,0
2016,West India,Gujarat,626.09,1.49,0.0,90.88,0.0,35.8,108.86,148.99,110.15,27.2,4.92,52.76,45.03,0.99,0,0
2017,West India,Gujarat,804.91,0.0,0.06,0.12,111.65,60.71,59.62,132.94,270.82,54.67,1.35,23.16,89.81,0.685,0,0
2018,West India,Gujarat,646.31,0.02,26.87,82.02,4.26,4.61,111.67,155.5,103.03,102.44,29.61,26.26,0.0,0.864,0,0
2019,West India,Gujarat,274.14,1.5,21.68,0.13,0.56,36.2,29.97,47.45,78.55,42.12,9.29,3.65,3.05,0.491,1,0
2020,West India,Gujarat,592.11,0.0,1.34,63.95,13.47,227.03,47.39,146.04,50.16,31.96,7.26,3.51,0.0,1.071,0,0
2021,West India,Gujarat,592.61,31.23,0.08,37.47,9.27,1.58,24.07,82.82,185.96,26.1,58.69,83.43,51.91,1.146,0,0
2022,West India,Gujarat,642.47,1.76,44.12,1.73,1.5,2.38,107.39,161.46,59.9,151.97,103.35,1.57,5.33,0.756,0,0
2023,West India,Gujarat,786.26,0.67,161.63,24.41,276.31,119.73,66.96,48.74,54.14,11.54,4.65,15.8,1.7,0.791,0,0
1990,West India,Maharashtra,614.96,0.47,0.39,23.64,0.29,11.57,48.13,43.93,258.02,136.35,67.13,10.14,14.9,1.161,0,0
1991,West India,Maharashtra,417.11,0.0,26.64,0.13,41.61,18.28,24.87,59.03,100.85,104.65,13.68,0.01,27.36,0.717,1,0
1992,West India,Maharashtra,510.46,3.57,0.06,1.1,3.66,9.68,92.39,161.39,25.9,172.61,1.84,30.58,7.68,0.876,0,0
1993,West India,Maharashtra,672.68,21.04,6.52,48.2,0.01,83.77,77.2,93.41,196.68,53.95,3.25,26.32,62.34,0.904,0,0
1994,West India,Maharashtra,623.76,0.01,38.1,3.62,0.18,42.82,160.19,92.17,128.0,62.71,23.11,9.07,63.78,0.695,0,0
1995,West India,Maharashtra,607.3,0.01,0.01,0.17,32.63,74.09,107.05,175.28,47.96,102.32,59.55,8.15,0.09,1.204,0,0
1996,West India,Maharashtra,523.06,0.0,0.02,0.36,17.68,40.94,198.55,13.42,32.25,43.89,168.64,7.14,0.17,0.853,0,0
1997,West India,Maharashtra,287.13,0.19,0.58,0.9,3.52,3.18,17.81,92.01,72.77,47.81,15.96,24.55,7.85,0.652,1,0
1998,West India,Maharashtra,192.28,0.0,9.38,5.19,19.74,9.51,38.37,35.11,27.93,16.15,16.42,2.84,11.62,0.459,1,0
1999,West India,Maharashtra,747.66,15.25,14.37,0.7,33.12,1.54,19.29,122.06,312.04,146.21,63.6,10.53,8.95,0.868,0,0
2000,West India,Maharashtra,494.96,0.36,1.06,79.87,0.42,4.85,77.78,106.28,109.09,68.52,5.15,37.51,4.08,0.832,0,0
2001,West India,Maharashtra,543.8,0.69,0.64,37.99,3.6,41.01,52.4,49.88,280.11,35.02,31.75,8.74,1.96,0.722,0,0
2002,West India,Maharashtra,764.2,0.07,0.02,8.72,13.26,265.93,111.9,14.9,191.58,104.45,51.5,0.95,0.91,0.909,0,0
2003,West India,Maharashtra,317.11,2.9,0.07,1.18,10.52,17.7,5.99,96.29,95.65,38.58,39.89,5.67,2.66,0.576,1,0
2004,West India,Maharashtra,972.77,0.02,4.11,2.69,0.71,20.56,38.85,361.62,92.37,131.94,145.01,15.73,159.17,0.455,0,1
2005,West India,Maharashtra,452.04,0.0,11.45,19.66,8.12,6.55,107.32,147.73,46.9,9.24,88.21,3.55,3.32,0.68,0,0
2006,West India,Maharashtra,390.29,3.93,19.22,0.13,1.26,18.42,106.04,62.17,36.28,91.46,49.48,0.72,1.19,0.846,1,0
2007,West India,Maharashtra,597.84,10.52,0.04,50.09,4.6,1.38,76.03,42.84,274.65,85.3,8.94,7.67,35.78,1.119,0,0
2008,West India,Maharashtra,441.77,46.95,10.23,0.12,0.19,1.24,81.13,9.57,234.85,19.04,7.05,0.2,31.2,0.777,1,0
2009,West India,Maharashtra,908.84,0.0,0.11,81.91,21.67,249.86,7.91,262.1,96.85,91.92,76.4,13.25,6.85,0.679,0,1
2010,West India,Maharashtra,386.74,0.02,2.22,21.93,14.44,0.03,49.02,79.74,76.74,80.05,1.64,55.49,5.42,0.713,1,0
2011,West India,Maharashtra,403.02,0.0,19.94,90.62,10.27,32.38,80.45,6.15,43.02,73.19,4.92,20.05,22.04,0.693,1,0
2012,West India,Maharashtra,186.56,7.25,0.5,0.16,2.4,5.02,25.72,11.19,15.43,88.17,26.09,3.57,1.08,0.457,1,0
2013,West India,Maharashtra,138.79,0.05,0.07,1.91,7.86,1.87,0.89,10.19,33.53,58.06,19.5,4.86,0.0,0.389,1,0
2014,West India,Maharashtra,380.09,0.75,0.71,21.07,110.88,0.07,38.5,37.71,57.06,59.94,53.24,0.15,0.01,0.584,1,0
2015,West India,Maharashtra,663.7,0.0,0.0,0.02,44.5,19.59,112.58,29.92,82.81,86.68,106.19,49.81,131.6,0.741,0,0
2016,West India,Maharashtra,652.54,106.35,0.0,0.1,21.94,0.48,141.79,218.03,47.84,101.58,7.79,0.05,6.59,0.816,0,0
2017,West India,Maharashtra,690.31,25.83,6.31,86.78,25.19,22.09,242.01,91.71,41.94,60.7,53.49,1.66,32.59,0.835,0,0
2018,West India,Maharashtra,966.51,2.8,39.61,110.6,37.73,23.4,58.3,88.33,475.69,71.78,22.14,35.4,0.73,0.524,0,1
2019,West India,Maharashtra,909.77,33.8,12.97,21.2,64.25,58.97,57.54,249.29,43.27,128.74,178.39,55.33,6.02,0.602,0,1
2020,West India,Maharashtra,881.3,0.0,12.31,7.64,19.57,91.91,401.72,161.67,160.8,19.58,5.74,0.36,0.0,0.592,0,1
2021,West India,Maharashtra,657.29,88.04,0.0,0.02,30.78,4.9,48.47,167.73,234.49,22.32,56.09,4.14,0.3,0.91,0,0
2022,West India,Maharashtra,458.99,2.07,8.07,34.99,0.67,15.43,30.65,30.57,232.84,46.8,24.69,31.83,0.37,0.774,0,0
2023,West India,Maharashtra,704.9,0.0,0.08,19.07,27.15,33.79,127.56,173.1,188.1,103.32,30.26,1.81,0.65,0.988,0,0
1990,West India,Goa,100.0,0.32,0.04,0.0,4.45,0.49,5.15,59.5,11.34,6.73,1.19,10.79,0.0,0.372,1,0
1991,West India,Goa,100.0,0.0,0.02,0.08,6.9,0.35,10.7,56.31,12.78,10.78,0.25,1.84,0.0,0.422,1,0
1992,West India,Goa,859.11,137.96,0.0,3.44,154.75,46.62,74.13,177.08,97.65,97.42,66.96,1.79,1.3,0.65,0,1
1993,West India,Goa,251.21,6.33,24.4,0.08,8.44,27.73,23.88,10.95,88.37,26.29,18.32,14.13,2.29,0.527,1,0
1994,West India,Goa,281.55,41.19,9.7,1.47,11.25,33.72,46.74,24.16,80.08,12.51,16.25,0.53,3.95,0.61,1,0
1995,West India,Goa,521.74,0.0,11.34,21.35,0.03,2.35,9.67,105.84,237.65,97.38,0.64,20.23,15.26,1.019,0,0
1996,West India,Goa,102.19,0.01,0.0,2.57,1.0,4.12,2.91,16.47,42.68,19.39,5.35,3.94,3.74,0.3,1,0
1997,West India,Goa,662.25,0.2,25.89,14.37,1.87,98.32,42.35,183.02,67.72,173.07,54.65,0.54,0.26,0.865,0,0
1998,West India,Goa,820.43,0.27,0.42,20.81,7.67,106.48,39.57,19.42,224.18,307.41,91.77,0.18,2.24,0.611,0,1
1999,West India,Goa,625.68,37.97,0.0,0.0,0.02,4.72,223.29,33.79,231.53,12.81,31.72,33.72,16.11,0.879,0,0
2000,West India,Goa,297.59,13.33,0.08,8.15,11.5,40.74,38.09,34.63,76.85,56.76,4.35,0.75,12.36,0.765,1,0
2001,West India,Goa,700.19,0.0,11.29,0.29,7.81,71.22,87.58,127.83,150.75,185.01,23.65,1.1,33.66,0.911,0,0
2002,West India,Goa,546.31,0.0,0.36,35.37,0.3,29.5,185.25,99.54,54.4,85.48,41.6,13.59,0.89,0.902,0,0
2003,West India,Goa,830.28,18.43,0.12,74.45,7.08,0.53,261.7,51.61,281.6,60.82,34.25,18.77,20.92,0.616,0,1
2004,West India,Goa,498.23,2.07,4.11,12.93,3.28,2.74,17.15,117.59,164.75,27.31,54.57,0.6,91.13,0.801,0,0
2005,West India,Goa,458.43,0.02,5.98,5.46,20.23,4.91,73.76,89.33,156.21,36.32,17.38,11.4,37.42,0.692,0,0
2006,West India,Goa,100.0,22.76,0.09,5.08,1.13,13.06,11.01,18.42,8.12,17.29,2.68,0.23,0.14,0.3,1,0
2007,West India,Goa,571.06,8.87,4.87,0.25,86.6,5.09,35.7,138.98,168.12,112.19,8.84,0.72,0.84,1.007,0,0
2008,West India,Goa,814.78,5.56,0.14,0.33,15.93,0.36,167.41,51.0,330.17,59.63,72.01,106.05,6.18,0.8,0,1
2009,West India,Goa,414.58,0.21,0.5,61.38,7.07,0.42,124.77,67.41,29.89,109.76,2.83,0.32,10.03,0.592,1,0
2010,West India,Goa,705.9,1.03,0.09,191.62,0.03,1.43,58.86,60.37,143.17,42.96,203.44,2.61,0.31,0.946,0,0
2011,West India,Goa,548.16,0.0,1.32,6.85,0.34,68.94,144.03,128.81,104.9,60.32,1.58,31.06,0.01,0.984,0,0
2012,West India,Goa,181.85,0.02,4.18,1.43,14.68,34.59,34.04,36.75,40.46,13.51,1.87,0.26,0.04,0.367,1,0
2013,West India,Goa,382.75,19.48,0.0,0.01,11.06,38.27,24.07,125.13,108.96,48.81,4.91,0.79,1.25,0.658,1,0
2014,West India,Goa,922.11,9.73,1.38,139.91,0.19,7.5,120.08,177.56,211.19,82.42,164.67,0.49,6.98,0.495,0,1
2015,West India,Goa,942.64,27.86,99.63,88.9,103.31,10.4,113.89,115.22,170.8,179.34,19.59,0.74,12.97,0.508,0,1
2016,West India,Goa,607.18,12.32,0.0,1.0,34.37,10.54,199.62,191.1,101.58,13.81,21.59,21.24,0.0,1.131,0,0
2017,West India,Goa,1108.85,46.19,0.01,80.65,32.0,10.46,92.67,187.25,495.6,119.11,0.21,44.69,0.0,0.37,0,1
2018,West India,Goa,596.25,0.0,0.36,1.17,9.82,39.5,187.84,68.94,85.18,152.34,8.14,6.43,36.54,1.026,0,0
2019,West India,Goa,1037.88,0.68,5.73,0.05,0.02,10.89,266.26,185.78,367.52,169.88,24.34,6.66,0.07,0.43,0,1
2020,West India,Goa,555.0,0.0,0.0,0.67,166.65,77.19,32.79,78.34,23.2,85.98,64.34,13.33,12.52,1.009,0,0
2021,West India,Goa,242.89,3.4,12.95,2.07,3.33,17.89,64.8,32.61,11.76,14.94,33.62,45.15,0.38,0.575,1,0
2022,West India,Goa,873.13,0.09,4.1,121.63,189.5,86.4,93.83,50.21,68.29,116.69,57.11,81.42,3.87,0.641,0,1
2023,West India,Goa,741.57,4.45,5.24,1.42,2.47,22.73,5.88,342.74,178.1,88.41,1.83,76.1,12.17,0.693,0,0
1990,Central India,Madhya Pradesh,948.43,58.02,2.19,0.17,6.49,59.96,50.91,210.68,224.82,165.0,93.09,76.26,0.84,0.942,0,0
1991,Central India,Madhya Pradesh,971.94,12.39,2.43,1.9,0.5,359.54,45.14,255.75,65.74,204.66,4.98,10.96,7.96,0.84,0,0
1992,Central India,Madhya Pradesh,764.2,3.23,0.62,1.86,0.2,0.18,37.96,135.28,314.35,59.64,8.45,183.26,19.16,1.022,0,0
1993,Central India,Madhya Pradesh,746.39,130.89,0.05,0.4,5.9,123.12,181.92,80.36,102.16,81.17,23.96,3.49,12.97,1.045,0,0
1994,Central India,Madhya Pradesh,649.72,0.58,6.96,1.14,5.58,28.47,59.29,29.35,182.29,13.21,220.4,102.15,0.3,0.81,1,0
1995,Central India,Madhya Pradesh,943.02,0.03,27.08,27.35,8.15,34.7,220.6,351.7,91.83,158.97,0.35,22.27,0.01,1.06,0,0
1996,Central India,Madhya Pradesh,816.03,1.07,85.31,0.0,61.0,61.74,10.89,46.27,308.46,49.53,6.6,34.85,150.32,0.935,0,0
1997,Central India,Madhya Pradesh,855.47,0.54,0.11,5.81,15.81,0.23,312.26,243.02,115.75,67.87,27.97,49.71,16.39,0.97,0,0
1998,Central India,Madhya Pradesh,1000.65,19.27,12.67,0.87,18.43,6.82,442.29,50.04,107.24,210.57,90.73,37.49,4.24,0.958,0,0
1999,Central India,Madhya Pradesh,728.42,0.0,23.72,71.5,58.26,0.03,147.66,176.68,162.67,27.43,28.56,30.21,1.71,0.765,0,0
2000,Central India,Madhya Pradesh,596.85,0.0,1.75,4.72,0.04,18.55,111.4,310.27,52.98,54.38,34.37,6.06,2.35,0.605,1,0
2001,Central India,Madhya Pradesh,1343.6,0.1,9.06,0.74,151.1,51.62,124.08,428.95,146.08,194.5,200.89,28.48,8.01,0.676,0,1
2002,Central India,Madhya Pradesh,1216.07,0.35,1.27,24.07,32.47,0.08,127.37,512.25,97.9,126.16,10.76,258.56,24.85,0.765,0,1
2003,Central India,Madhya Pradesh,1176.43,0.0,24.25,118.37,20.74,11.0,120.71,243.01,312.37,181.37,101.89,38.77,3.95,0.703,0,0
2004,Central India,Madhya Pradesh,760.69,0.0,0.67,20.35,1.16,37.36,275.91,78.68,189.49,108.64,46.18,0.04,2.22,0.734,0,0
2005,Central India,Madhya Pradesh,852.82,125.19,30.84,97.44,21.36,56.74,64.17,180.32,65.66,135.8,3.42,70.5,1.38,0.711,0,0
2006,Central India,Madhya Pradesh,711.51,101.87,0.22,0.86,0.0,89.4,252.98,86.64,23.07,73.67,79.46,2.61,0.74,0.897,0,0
2007,Central India,Madhya Pradesh,1240.78,1.05,0.36,3.48,97.38,4.57,212.37,512.6,285.7,43.98,66.88,12.39,0.02,0.855,0,1
2008,Central India,Madhya Pradesh,1043.82,0.0,256.24,8.81,6.23,195.61,74.3,204.88,31.03,64.76,122.92,79.04,0.0,1.117,0,0
2009,Central India,Madhya Pradesh,1162.64,0.0,11.73,145.46,24.32,32.17,103.41,198.98,452.24,139.82,13.25,17.06,24.21,0.771,0,0
2010,Central India,Madhya Pradesh,1143.8,2.61,74.46,9.4,1.7,4.57,187.88,153.11,191.42,329.67,179.68,4.37,4.93,0.377,0,0
2011,Central India,Madhya Pradesh,692.74,3.45,4.24,109.12,0.02,28.64,46.76,154.23,113.82,70.59,147.85,0.06,13.97,0.937,0,0
2012,Central India,Madhya Pradesh,541.31,0.0,0.0,21.13,7.37,0.53,37.27,31.5,246.68,109.59,59.52,0.23,27.49,0.71,1,0
2013,Central India,Madhya Pradesh,1010.34,41.87,26.27,46.26,15.82,0.05,163.27,319.87,242.74,20.8,71.61,58.59,3.19,1.025,0,0
2014,Central India,Madhya Pradesh,1208.18,56.32,10.98,7.26,3.86,116.3,259.7,39.84,291.15,109.83,117.96,0.15,194.83,0.727,0,0
2015,Central India,Madhya Pradesh,773.22,1.53,12.37,2.86,213.53,0.14,40.75,173.99,144.07,150.96,32.07,0.95,0.01,0.814,0,0
2016,Central India,Madhya Pradesh,615.15,0.01,0.01,0.56,69.89,7.92,128.14,129.13,101.59,16.19,122.53,17.12,22.06,0.736,1,0
2017,Central India,Madhya Pradesh,1064.31,4.02,21.08,1.58,39.41,2.53,189.72,333.4,261.71,68.2,20.81,121.83,0.01,0.933,0,0
2018,Central India,Madhya Pradesh,755.69,0.52,3.01,38.26,88.81,110.47,65.79,178.43,111.36,118.75,14.91,3.92,21.46,0.999,0,0
2019,Central India,Madhya Pradesh,732.85,16.86,26.28,13.87,10.54,6.32,11.44,113.99,451.81,41.19,35.11,1.03,4.42,0.875,0,0
2020,Central India,Madhya Pradesh,868.0,0.05,33.09,12.41,50.79,11.68,99.77,258.73,29.84,316.83,40.29,0.32,14.2,0.898,0,0
2021,Central India,Madhya Pradesh,810.38,3.42,0.0,65.21,44.83,89.91,152.2,81.14,130.8,118.44,94.85,9.83,19.73,0.962,0,0
2022,Central India,Madhya Pradesh,905.3,4.53,0.05,0.26,15.56,2.07,47.34,242.73,280.33,120.03,134.2,41.18,17.03,1.055,0,0
2023,Central India,Madhya Pradesh,1056.13,23.3,0.78,11.35,73.59,120.05,221.38,251.32,35.96,129.85,175.38,13.16,0.0,0.864,0,0
1990,Central India,Chhattisgarh,510.37,20.47,214.29,6.07,1.86,13.37,28.96,85.0,99.01,24.41,4.67,0.24,12.02,0.639,1,0
1991,Central India,Chhattisgarh,497.08,0.0,1.65,17.02,25.29,25.47,6.49,96.33,164.36,103.67,28.92,11.86,16.02,0.649,1,0
1992,Central India,Chhattisgarh,1057.48,0.05,30.75,0.02,5.96,27.94,268.06,281.36,293.62,20.91,68.49,0.01,60.3,1.049,0,0
1993,Central India,Chhattisgarh,775.3,27.19,81.45,1.88,6.52,27.48,329.51,54.94,119.29,77.06,36.44,10.89,2.65,0.924,0,0
1994,Central India,Chhattisgarh,617.22,9.04,0.84,0.42,11.11,67.13,73.88,56.18,231.01,93.65,60.59,8.73,4.63,0.586,1,0
1995,Central India,Chhattisgarh,861.81,3.27,5.04,47.98,50.79,2.9,195.41,82.31,112.31,261.08,41.28,12.86,46.58,1.032,0,0
1996,Central India,Chhattisgarh,699.21,0.13,0.16,51.48,23.05,189.11,128.23,92.32,109.66,30.22,28.37,45.85,0.63,0.912,0,0
1997,Central India,Chhattisgarh,1178.66,13.23,34.4,128.5,15.05,20.39,54.15,402.2,430.09,54.71,24.4,1.51,0.03,0.75,0,0
1998,Central India,Chhattisgarh,391.33,1.8,38.74,0.71,0.34,85.19,69.76,2.9,52.19,50.68,87.93,1.04,0.06,0.622,1,0
1999,Central India,Chhattisgarh,747.49,4.08,0.29,170.24,0.09,1.87,3.59,140.19,89.82,274.6,40.56,6.86,15.3,0.805,0,0
2000,Central India,Chhattisgarh,741.73,49.27,1.77,66.83,3.35,21.16,125.36,202.38,147.29,113.38,10.23,0.67,0.02,1.06,0,0
2001,Central India,Chhattisgarh,1017.02,16.05,79.28,10.59,7.82,2.49,75.19,474.04,149.61,110.62,45.04,10.19,36.1,0.672,0,0
2002,Central India,Chhattisgarh,953.94,0.52,0.42,61.24,3.34,24.32,107.17,144.47,289.23,178.92,58.5,82.5,3.31,1.057,0,0
2003,Central India,Chhattisgarh,951.88,4.12,0.0,2.95,45.48,17.13,86.08,126.68,389.55,58.9,212.86,7.99,0.12,1.011,0,0
2004,Central India,Chhattisgarh,913.99,0.0,1.31,0.0,55.83,59.83,65.92,252.74,194.68,182.62,46.52,33.08,21.46,1.001,0,0
2005,Central India,Chhattisgarh,922.31,1.82,1.7,0.0,14.45,6.73,308.98,65.21,369.54,142.72,11.05,0.08,0.02,0.828,0,0
2006,Central India,Chhattisgarh,278.96,84.28,3.89,3.46,6.36,0.01,15.58,63.87,27.64,47.59,17.21,9.0,0.07,0.376,1,0
2007,Central India,Chhattisgarh,1149.71,0.27,118.95,0.02,0.84,67.95,267.32,205.47,138.96,304.88,33.15,10.53,1.37,0.819,0,0
2008,Central India,Chhattisgarh,866.86,0.02,17.27,0.19,16.59,17.73,121.42,475.0,116.67,5.34,67.86,0.44,28.34,0.913,0,0
2009,Central India,Chhattisgarh,532.0,0.0,7.09,0.03,11.75,4.33,120.97,38.42,160.0,24.0,132.95,31.34,1.12,0.755,1,0
2010,Central India,Chhattisgarh,963.47,1.09,0.05,0.05,2.17,125.91,24.23,174.96,167.3,11.8,279.69,2.74,173.48,1.04,0,0
2011,Central India,Chhattisgarh,1085.17,0.31,99.24,0.02,25.54,201.51,42.04,472.35,120.17,70.27,49.3,4.43,0.0,0.906,0,0
2012,Central India,Chhattisgarh,611.53,0.0,22.2,5.95,5.51,51.41,39.78,114.33,73.48,290.45,7.75,0.66,0.01,0.757,1,0
2013,Central India,Chhattisgarh,523.55,0.82,124.1,1.05,18.78,5.07,4.13,71.03,54.93,136.47,40.52,44.82,21.85,0.564,1,0
2014,Central India,Chhattisgarh,1023.23,48.28,0.74,3.47,0.01,192.93,342.23,26.3,167.87,82.14,12.41,65.76,81.11,0.9,0,0
2015,Central India,Chhattisgarh,1093.62,11.45,0.0,68.74,17.75,1.56,146.49,334.5,216.69,217.33,59.81,4.81,14.5,0.916,0,0
2016,Central India,Chhattisgarh,771.88,4.39,0.7,41.64,0.0,13.33,143.52,233.34,123.83,142.33,13.71,1.48,53.61,0.932,0,0
2017,Central India,Chhattisgarh,790.03,0.01,1.38,39.93,0.01,16.34,153.88,142.79,142.5,150.19,56.6,2.11,84.31,0.954,0,0
2018,Central India,Chhattisgarh,726.08,13.89,34.74,60.03,0.06,4.38,56.46,114.8,166.4,104.07,46.13,1.94,123.18,0.951,0,0
2019,Central India,Chhattisgarh,1148.45,12.56,59.84,0.01,37.85,1.89,137.6,230.2,304.41,152.86,40.37,132.03,38.84,0.898,0,0
2020,Central India,Chhattisgarh,1247.41,135.85,219.4,153.98,175.76,95.29,106.93,26.07,154.97,68.13,108.47,0.04,2.5,0.712,0,1
2021,Central India,Chhattisgarh,987.32,0.01,1.33,0.11,18.96,0.36,56.44,246.26,153.9,242.95,205.43,13.57,48.01,0.943,0,0
2022,Central India,Chhattisgarh,1345.53,3.58,1.4,4.26,140.25,6.24,78.08,426.69,103.74,419.36,93.37,61.19,7.37,0.523,0,1
2023,Central India,Chhattisgarh,808.95,0.34,14.89,61.25,43.65,4.5,3.95,152.09,275.04,246.6,1.84,4.8,0.01,0.883,0,0
1990,Northeast India,Assam,2725.17,0.18,19.68,136.01,118.73,498.4,543.81,79.07,335.5,772.65,202.04,19.07,0.02,0.616,0,1
1991,Northeast India,Assam,2718.87,33.98,117.96,22.53,155.62,12.97,799.21,627.07,203.83,682.64,60.93,0.73,1.41,0.732,0,1
1992,Northeast India,Assam,1759.2,3.14,0.0,2.85,7.59,355.26,233.2,529.3,118.42,245.77,192.32,69.62,1.74,1.019,0,0
1993,Northeast India,Assam,1972.43,370.3,0.01,10.01,20.59,100.14,72.9,167.35,277.61,773.06,30.7,148.93,0.83,0.941,0,0
1994,Northeast India,Assam,1707.73,35.13,0.17,4.31,2.7,114.84,194.47,242.31,135.73,740.3,112.73,122.32,2.73,0.869,0,0
1995,Northeast India,Assam,2106.03,0.02,0.03,0.0,29.45,39.75,162.55,221.94,241.04,930.7,53.26,330.66,96.61,1.097,0,0
1996,Northeast India,Assam,2044.66,1.71,47.8,0.55,5.24,2.91,329.87,757.61,285.61,325.49,5.94,275.51,6.42,0.986,0,0
1997,Northeast India,Assam,2288.09,293.86,107.44,1.25,91.37,75.01,173.5,910.74,82.59,450.04,62.6,27.96,11.74,0.971,0,0
1998,Northeast India,Assam,1670.7,0.96,0.07,0.52,283.94,12.67,335.65,154.56,465.15,210.33,157.93,21.17,27.76,0.772,0,0
1999,Northeast India,Assam,1096.27,104.2,7.85,25.65,13.39,201.33,5.3,63.01,223.31,356.47,69.69,25.91,0.15,0.626,1,0
2000,Northeast India,Assam,1521.1,31.45,14.44,20.0,0.34,44.54,459.24,638.82,140.74,97.5,64.79,8.16,1.09,0.788,0,0
2001,Northeast India,Assam,3066.47,0.0,6.15,101.24,3.22,26.84,342.1,520.63,853.73,244.54,549.25,386.4,32.37,0.77,0,1
2002,Northeast India,Assam,2155.27,58.95,115.77,0.31,2.88,286.49,103.88,220.96,760.74,210.95,382.66,2.69,8.98,0.988,0,0
2003,Northeast India,Assam,1705.53,37.25,0.02,6.78,100.45,0.67,294.67,142.16,123.68,42.61,310.25,374.68,272.3,0.995,0,0
2004,Northeast India,Assam,1296.79,41.64,4.43,5.8,43.18,28.86,68.48,316.58,373.2,213.87,153.98,33.7,13.06,0.745,1,0
2005,Northeast India,Assam,2186.33,47.86,1.15,13.28,59.45,9.71,239.08,381.97,388.46,500.79,408.94,30.64,105.0,0.978,0,0
2006,Northeast India,Assam,2067.32,346.33,49.31,0.09,0.98,5.06,437.2,43.09,10.89,795.4,66.1,134.26,178.63,0.961,0,0
2007,Northeast India,Assam,2095.54,1.14,48.88,10.13,57.83,130.41,157.76,703.93,227.39,131.1,242.1,251.64,133.22,1.004,0,0
2008,Northeast India,Assam,1959.3,2.5,1.09,313.21,22.79,211.23,11.32,667.78,308.84,161.25,243.88,8.19,7.21,1.038,0,0
2009,Northeast India,Assam,2700.77,0.88,88.33,94.73,49.43,140.51,322.65,509.99,530.82,309.89,537.93,24.73,90.88,0.892,0,1
2010,Northeast India,Assam,2442.87,185.71,113.44,15.94,226.28,281.37,240.94,238.98,412.41,213.58,58.16,399.31,56.74,0.904,0,0
2011,Northeast India,Assam,2232.01,7.54,102.43,200.62,17.06,10.68,730.75,517.18,334.25,202.89,4.81,23.46,80.33,0.742,0,0
2012,Northeast India,Assam,1827.42,0.02,0.05,7.11,0.59,40.51,508.17,272.99,480.7,294.71,107.01,52.54,63.01,0.835,0,0
2013,Northeast India,Assam,2188.41,4.39,5.08,11.42,114.77,11.1,509.89,596.14,326.66,597.14,6.18,0.08,5.57,0.876,0,0
2014,Northeast India,Assam,2093.03,21.35,224.96,99.25,32.03,2.17,186.52,640.61,676.77,81.32,93.09,22.54,12.43,1.049,0,0
2015,Northeast India,Assam,1384.14,2.42,11.52,2.48,25.65,101.94,537.8,337.6,52.33,72.56,164.56,74.72,0.55,0.644,1,0
2016,Northeast India,Assam,2722.31,2.94,0.0,140.54,166.64,6.23,171.28,283.92,1573.32,258.15,20.16,89.24,9.88,0.566,0,1
2017,Northeast India,Assam,2358.12,0.01,253.36,348.03,14.51,138.26,34.58,159.81,289.98,202.02,85.01,811.59,20.95,0.818,0,0
2018,Northeast India,Assam,1861.38,0.01,32.7,357.0,0.17,1.46,351.96,64.71,360.21,612.72,18.35,60.11,1.97,0.963,0,0
2019,Northeast India,Assam,2219.96,0.0,91.69,0.0,2.07,99.97,476.44,226.22,650.36,456.08,127.62,52.04,37.47,0.798,0,0
2020,Northeast India,Assam,1842.44,0.3,9.93,0.35,5.63,199.42,225.31,300.92,107.8,678.4,138.71,0.11,175.57,1.034,0,0
2021,Northeast India,Assam,2699.99,15.59,0.07,286.91,507.28,174.65,76.1,185.63,838.32,77.03,20.67,196.87,320.88,0.587,0,0
2022,Northeast India,Assam,2035.87,2.06,0.0,38.18,11.23,239.33,38.11,613.03,555.58,452.14,74.94,3.49,7.77,0.977,0,0
2023,Northeast India,Assam,1854.32,83.95,75.36,3.19,1.97,41.8,172.97,362.38,614.36,86.46,358.7,4.89,48.28,1.213,0,0
1990,Northeast India,Meghalaya,1038.84,0.01,132.93,0.0,40.63,0.52,337.48,301.91,88.25,134.03,2.16,0.71,0.21,0.692,1,0
1991,Northeast India,Meghalaya,2620.32,33.6,0.09,8.78,13.38,424.93,367.77,389.65,329.92,104.93,839.04,107.99,0.23,0.573,0,0
1992,Northeast India,Meghalaya,2429.2,93.49,42.53,2.43,49.32,5.63,552.29,472.6,155.77,36.67,1015.07,0.02,3.38,0.855,0,0
1993,Northeast India,Meghalaya,2541.82,132.92,419.22,40.02,29.11,80.2,74.08,446.58,576.3,534.2,198.62,10.56,0.01,0.745,0,0
1994,Northeast India,Meghalaya,2476.2,1.04,63.89,0.0,14.51,136.02,527.48,72.05,659.99,638.05,95.05,25.68,242.42,0.823,0,0
1995,Northeast India,Meghalaya,2161.61,111.56,1.96,127.47,91.52,304.83,91.33,653.4,111.69,440.13,210.34,16.03,1.34,0.868,0,0
1996,Northeast India,Meghalaya,2060.19,103.61,5.26,0.0,14.82,19.21,329.11,233.11,847.25,216.23,18.55,4.8,268.24,1.078,0,0
1997,Northeast India,Meghalaya,1721.32,1.57,3.1,27.97,0.33,11.86,58.5,531.53,652.6,367.36,65.67,0.57,0.26,0.854,0,0
1998,Northeast India,Meghalaya,1773.65,0.02,0.63,7.99,99.22,15.81,198.6,505.98,168.8,134.88,607.72,33.26,0.73,0.744,0,0
1999,Northeast India,Meghalaya,1361.79,24.17,161.41,9.72,28.47,84.74,233.53,200.25,166.09,235.88,51.68,130.61,35.23,0.667,1,0
2000,Northeast India,Meghalaya,2461.91,0.0,5.51,3.12,390.52,2.33,123.02,492.34,134.69,397.56,417.39,414.38,81.05,0.961,0,0
2001,Northeast India,Meghalaya,1627.13,0.01,0.66,6.17,0.34,40.02,103.05,770.44,266.85,163.73,180.29,95.51,0.05,0.791,0,0
2002,Northeast India,Meghalaya,2817.68,0.04,1.21,125.15,6.83,108.65,484.53,1046.07,546.11,233.16,2.85,195.06,68.02,0.686,0,1
2003,Northeast India,Meghalaya,2345.92,71.96,0.48,0.94,3.73,137.91,393.61,502.93,393.12,96.66,537.32,41.72,165.54,0.817,0,0
2004,Northeast India,Meghalaya,1664.46,3.98,0.13,43.1,163.53,33.76,444.82,48.34,274.15,168.57,136.9,18.29,328.91,0.935,0,0
2005,Northeast India,Meghalaya,1346.17,109.62,3.68,5.87,0.13,19.15,173.1,65.99,584.3,276.16,85.7,13.62,8.86,0.545,1,0
2006,Northeast India,Meghalaya,2364.11,0.01,0.0,0.23,344.19,17.82,338.47,105.5,433.53,674.79,361.55,61.85,26.17,1.193,0,0
2007,Northeast India,Meghalaya,2049.64,28.34,1.37,6.72,24.73,100.35,222.14,322.6,407.16,217.51,96.58,9.97,612.17,0.88,0,0
2008,Northeast India,Meghalaya,1470.27,1.8,0.0,8.84,49.56,68.29,83.37,503.59,486.67,211.3,9.51,47.33,0.02,0.849,1,0
2009,Northeast India,Meghalaya,2451.03,0.09,1.24,0.04,72.69,209.57,240.77,370.25,634.05,25.94,687.93,196.37,12.09,0.508,0,0
2010,Northeast India,Meghalaya,2578.09,43.07,1.13,85.99,11.99,8.07,60.9,389.24,1461.33,503.57,6.34,0.42,6.05,0.593,0,0
2011,Northeast India,Meghalaya,2199.54,86.77,37.31,317.7,97.19,59.49,617.92,607.55,82.47,148.4,60.37,0.2,84.17,0.957,0,0
2012,Northeast India,Meghalaya,1503.33,10.0,56.03,174.85,0.01,2.32,68.43,758.32,183.66,137.48,7.45,29.42,75.37,0.817,0,0
2013,Northeast India,Meghalaya,2834.15,0.0,1.39,151.53,4.91,382.05,483.39,52.95,600.53,285.46,666.62,124.32,80.99,0.749,0,1
2014,Northeast India,Meghalaya,1610.14,38.66,0.01,17.3,90.1,31.61,88.02,56.37,222.45,200.43,724.18,130.03,10.99,0.904,0,0
2015,Northeast India,Meghalaya,1612.42,123.02,0.0,2.16,69.32,162.71,204.61,394.93,241.18,158.57,73.19,10.01,172.72,0.778,0,0
2016,Northeast India,Meghalaya,2469.89,456.26,9.33,288.05,16.34,9.54,150.07,202.94,768.45,192.92,4.5,18.59,352.9,0.82,0,0
2017,Northeast India,Meghalaya,2292.92,0.35,1.42,113.62,39.23,0.21,455.02,566.56,460.68,417.15,70.19,0.19,168.31,0.852,0,0
2018,Northeast India,Meghalaya,2039.02,97.29,0.06,240.43,117.68,35.62,72.11,1084.92,72.51,123.31,135.92,1.8,57.37,0.858,0,0
2019,Northeast India,Meghalaya,2103.38,2.69,2.63,22.85,154.88,60.65,191.38,190.26,727.83,545.69,143.05,60.53,0.91,0.945,0,0
2020,Northeast India,Meghalaya,1964.68,0.28,0.01,88.24,20.14,153.55,216.42,723.87,136.32,154.22,438.53,32.58,0.52,0.968,0,0
2021,Northeast India,Meghalaya,1944.81,21.94,0.0,3.33,0.25,5.21,362.24,166.06,616.31,536.96,26.06,206.43,0.01,0.842,0,0
2022,Northeast India,Meghalaya,2503.25,0.1,35.04,7.34,932.59,338.82,235.12,115.83,577.37,145.77,3.64,5.91,105.74,0.798,0,0
2023,Northeast India,Meghalaya,2370.56,0.16,0.12,0.01,64.0,108.89,225.42,924.96,334.49,550.54,154.98,5.08,1.92,0.781,0,0
1990,Northeast India,Arunachal Pradesh,1785.7,44.1,53.68,1.54,55.09,83.49,412.87,315.33,180.94,461.51,12.49,161.9,2.75,0.863,0,0
1991,Northeast India,Arunachal Pradesh,1295.5,5.29,45.38,84.97,109.4,25.5,201.15,236.86,372.88,163.38,4.3,36.21,10.19,0.829,1,0
1992,Northeast India,Arunachal Pradesh,2611.71,31.45,128.89,5.06,400.78,22.64,245.8,388.57,459.29,299.38,537.01,82.67,10.18,0.6,0,0
1993,Northeast India,Arunachal Pradesh,2183.43,94.47,17.99,7.69,45.31,22.38,834.01,317.25,552.45,116.21,154.41,19.31,1.94,0.966,0,0
1994,Northeast India,Arunachal Pradesh,2183.71,23.29,0.15,132.26,225.81,231.6,151.28,353.89,113.24,21.76,913.18,13.24,3.99,1.044,0,0
1995,Northeast India,Arunachal Pradesh,2662.49,2.58,0.68,0.23,390.05,0.0,138.98,785.44,262.55,987.59,45.22,45.91,3.26,0.88,0,0
1996,Northeast India,Arunachal Pradesh,1364.8,88.8,88.45,1.26,0.02,1.33,149.63,406.14,293.86,58.79,233.0,42.86,0.65,0.914,1,0
1997,Northeast India,Arunachal Pradesh,2043.42,13.0,43.33,139.22,14.43,50.36,354.1,1252.18,129.86,22.86,17.41,5.82,0.85,1.066,0,0
1998,Northeast India,Arunachal Pradesh,2443.77,225.44,52.46,94.04,3.74,67.14,397.66,570.26,400.76,376.16,212.78,41.22,2.12,0.768,0,0
1999,Northeast India,Arunachal Pradesh,2707.39,13.28,0.06,134.56,199.02,216.3,122.7,557.17,573.18,730.94,136.45,23.7,0.02,0.784,0,1
2000,Northeast India,Arunachal Pradesh,2884.41,29.13,0.1,0.84,74.43,25.36,111.08,60.43,474.46,529.45,1039.62,537.09,2.42,0.701,0,1
2001,Northeast India,Arunachal Pradesh,1365.09,1.68,0.0,0.0,32.94,106.29,69.75,224.85,395.0,419.42,114.36,0.79,0.0,0.794,1,0
2002,Northeast India,Arunachal Pradesh,2686.47,13.82,0.99,4.64,2.31,81.01,608.29,531.36,711.08,412.3,33.92,278.43,8.33,1.019,0,0
2003,Northeast India,Arunachal Pradesh,2688.67,104.03,0.04,19.72,714.04,20.5,55.69,961.58,458.36,185.48,103.49,65.57,0.18,0.72,0,0
2004,Northeast India,Arunachal Pradesh,2243.57,4.32,114.72,54.58,0.03,498.45,362.61,433.76,442.39,199.58,9.51,0.9,122.71,0.995,0,0
2005,Northeast India,Arunachal Pradesh,2811.35,29.5,0.1,147.07,43.7,7.47,23.8,511.71,1797.17,146.24,92.43,11.68,0.49,0.651,0,1
2006,Northeast India,Arunachal Pradesh,1573.35,0.0,2.3,29.19,44.02,22.24,327.63,90.51,215.1,536.03,79.61,127.02,99.7,0.859,0,0
2007,Northeast India,Arunachal Pradesh,2534.42,8.9,2.73,0.07,0.69,163.92,163.08,373.58,298.22,280.01,795.02,433.94,14.26,0.84,0,0
2008,Northeast India,Arunachal Pradesh,2280.54,8.13,0.51,354.84,253.4,192.27,7.17,522.93,271.45,47.75,219.39,108.27,294.41,0.939,0,0
2009,Northeast India,Arunachal Pradesh,1706.43,3.04,0.81,207.63,1.06,154.74,90.23,692.51,183.99,302.14,67.3,2.98,0.01,0.991,0,0
2010,Northeast India,Arunachal Pradesh,1308.18,17.76,101.37,25.96,18.23,0.0,192.87,116.74,610.31,37.24,42.51,13.65,131.55,0.688,1,0
2011,Northeast India,Arunachal Pradesh,2101.38,12.21,280.46,23.0,164.87,5.85,319.91,506.87,139.78,108.75,419.91,103.3,16.46,1.029,0,0
2012,Northeast India,Arunachal Pradesh,2422.28,0.0,132.72,16.12,181.73,11.36,14.21,910.97,304.54,144.11,388.0,315.41,3.11,0.835,0,0
2013,Northeast India,Arunachal Pradesh,2096.27,159.64,105.01,108.33,2.19,10.18,573.23,236.37,248.89,226.94,303.35,111.71,10.42,0.846,0,0
2014,Northeast India,Arunachal Pradesh,3308.71,48.18,16.72,557.69,8.43,630.11,245.51,933.24,160.5,274.28,12.18,243.38,178.48,0.397,0,1
2015,Northeast India,Arunachal Pradesh,1647.7,0.04,262.32,49.18,19.04,54.65,200.87,303.52,131.85,220.39,101.11,30.48,274.25,0.86,0,0
2016,Northeast India,Arunachal Pradesh,2280.01,0.35,0.0,2.49,279.12,3.21,110.14,923.13,440.01,179.94,247.79,22.42,71.39,0.837,0,0
2017,Northeast India,Arunachal Pradesh,2220.92,336.09,0.0,55.51,204.77,9.42,29.09,212.49,591.54,343.28,411.96,24.11,2.66,1.094,0,0
2018,Northeast India,Arunachal Pradesh,2539.87,0.11,0.3,22.68,127.65,127.35,107.2,217.14,964.52,260.36,132.25,54.43,525.89,0.742,0,0
2019,Northeast India,Arunachal Pradesh,1886.26,3.36,0.35,37.63,67.76,20.77,411.49,332.2,362.71,146.21,487.89,10.74,5.15,0.972,0,0
2020,Northeast India,Arunachal Pradesh,3138.02,90.66,0.21,56.91,75.44,2.9,355.05,346.51,1315.88,610.5,139.33,72.13,72.5,0.432,0,1
2021,Northeast India,Arunachal Pradesh,2268.91,0.53,0.05,7.77,52.16,452.34,137.84,658.1,530.11,297.55,112.04,2.83,17.58,0.788,0,0
2022,Northeast India,Arunachal Pradesh,1823.78,15.02,3.22,131.73,366.51,2.47,209.45,145.46,830.28,60.86,36.88,8.64,13.27,0.819,0,0
2023,Northeast India,Arunachal Pradesh,1872.69,99.03,0.0,142.89,3.75,101.67,257.48,280.35,246.81,303.75,165.1,268.55,3.3,1.071,0,0
1990,Northeast India,Manipur,2221.28,0.23,4.36,0.15,123.02,149.8,458.51,847.99,335.94,269.25,28.45,1.35,2.23,0.691,0,0
1991,Northeast India,Manipur,1328.46,2.44,0.0,109.78,6.82,0.54,20.75,105.14,741.17,298.1,41.4,1.37,0.96,0.836,1,0
1992,Northeast India,Manipur,2551.86,0.84,84.31,0.15,23.16,352.68,450.83,139.6,98.77,649.73,21.13,1.86,728.8,0.826,0,0
1993,Northeast India,Manipur,2534.26,30.2,0.24,143.85,2.34,44.91,352.57,836.13,667.48,337.85,56.63,62.05,0.02,0.869,0,0
1994,Northeast India,Manipur,2264.37,23.05,1.14,281.72,408.25,16.8,78.05,417.38,433.43,266.51,274.23,31.16,32.65,0.88,0,0
1995,Northeast India,Manipur,2775.37,39.34,11.65,0.04,65.02,12.6,320.56,373.56,595.16,779.59,151.62,245.29,180.94,0.655,0,1
1996,Northeast India,Manipur,2259.48,6.95,0.0,2.69,169.34,375.26,287.26,607.4,148.24,579.38,78.33,1.69,2.95,0.917,0,0
1997,Northeast India,Manipur,986.76,73.32,2.1,1.89,17.39,7.68,225.42,152.85,108.61,151.36,148.94,97.17,0.04,0.566,1,0
1998,Northeast India,Manipur,2204.54,50.43,76.53,168.71,13.71,0.13,101.22,477.77,705.09,485.5,98.03,0.03,27.39,0.97,0,0
1999,Northeast India,Manipur,2158.76,162.48,31.79,81.52,122.52,16.16,118.33,312.97,668.84,436.73,206.56,0.2,0.65,0.903,0,0
2000,Northeast India,Manipur,1820.39,0.04,0.0,0.0,2.19,47.05,727.89,143.7,522.31,163.74,55.14,61.0,97.34,1.037,0,0
2001,Northeast India,Manipur,2482.1,10.46,12.18,33.56,28.3,3.32,334.07,922.3,240.71,775.69,100.92,2.79,17.81,0.965,0,0
2002,Northeast India,Manipur,1625.38,223.61,0.04,0.26,67.48,74.46,215.9,395.57,250.38,352.66,4.91,35.69,4.43,0.915,0,0
2003,Northeast India,Manipur,2308.52,0.0,51.09,5.17,0.01,1.49,182.1,913.53,594.41,202.6,273.13,82.92,2.09,0.987,0,0
2004,Northeast India,Manipur,1894.97,215.76,0.07,0.6,90.66,249.95,130.21,345.42,413.61,107.56,339.98,0.95,0.21,0.871,0,0
2005,Northeast India,Manipur,2141.98,0.12,6.58,69.48,19.44,1.76,347.55,496.08,389.14,78.43,221.71,507.66,4.03,0.873,0,0
2006,Northeast India,Manipur,2545.31,1.21,0.0,302.73,152.4,417.81,220.33,526.77,625.99,142.03,102.04,53.25,0.73,0.69,0,0
2007,Northeast India,Manipur,2141.91,57.57,219.86,42.47,114.57,56.77,166.32,182.35,446.4,529.18,317.67,8.76,0.0,0.987,0,0
2008,Northeast India,Manipur,2007.45,1.37,0.83,552.6,92.53,36.08,93.75,240.54,84.0,188.17,356.41,340.04,21.13,1.18,0,0
2009,Northeast India,Manipur,2248.05,5.85,0.01,297.38,840.75,77.71,72.17,38.12,424.52,339.85,71.29,0.08,80.32,0.843,0,0
2010,Northeast India,Manipur,2658.26,0.0,1.23,89.6,10.67,33.86,18.65,146.65,600.3,1128.36,622.21,0.05,6.68,0.748,0,0
2011,Northeast India,Manipur,2975.75,0.0,22.69,395.85,1.23,8.97,163.82,1498.48,597.82,179.46,24.94,65.48,17.0,0.685,0,1
2012,Northeast India,Manipur,2296.97,0.05,0.0,214.5,0.1,2.13,381.97,346.61,162.38,794.09,386.08,9.04,0.02,1.047,0,0
2013,Northeast India,Manipur,1873.35,139.28,2.32,74.18,0.21,238.79,293.1,94.33,513.44,299.49,6.7,132.43,79.08,1.081,0,0
2014,Northeast India,Manipur,1565.41,0.0,5.77,29.3,117.45,206.87,259.94,43.17,155.09,127.38,274.17,3.32,342.94,0.877,0,0
2015,Northeast India,Manipur,2512.04,0.16,750.24,1.97,130.65,41.73,577.91,262.3,122.06,121.1,80.6,198.8,224.53,0.616,0,0
2016,Northeast India,Manipur,2828.65,34.82,39.04,52.72,30.1,317.31,268.47,1112.74,321.47,214.5,188.71,248.76,0.02,0.762,0,1
2017,Northeast India,Manipur,2166.52,14.95,3.24,133.17,178.68,249.76,430.74,556.09,170.08,222.39,149.34,55.47,2.61,0.842,0,0
2018,Northeast India,Manipur,1621.51,50.04,151.71,3.09,185.82,28.12,341.66,463.3,241.45,51.75,67.99,27.74,8.85,0.771,0,0
2019,Northeast India,Manipur,1307.42,81.79,11.6,53.44,0.03,2.66,74.12,161.87,263.31,121.9,65.44,297.65,173.64,0.613,1,0
2020,Northeast India,Manipur,2053.79,0.14,6.67,143.02,23.81,25.96,201.1,495.03,159.56,101.88,791.55,9.69,95.36,0.929,0,0
2021,Northeast India,Manipur,2832.33,483.87,53.15,24.36,26.47,64.22,517.11,160.2,400.66,45.1,348.01,293.63,415.55,0.661,0,1
2022,Northeast India,Manipur,2744.52,236.57,4.57,568.99,12.44,21.62,125.6,340.71,958.39,340.53,30.58,38.97,65.56,0.686,0,1
2023,Northeast India,Manipur,1143.89,0.01,80.11,0.01,65.84,8.59,92.97,55.29,562.85,226.19,49.89,1.93,0.23,0.434,1,0
